date,btc_return,forecast_return,strategy_return,btc_cum,strategy_cum,btc_USD_return,strategy_USD_return
2019-01-18,-0.005649816190357375,-0.0055,0.005649816190357375,-0.005649816190357375,0.005649816190357375,99.43501838096425,100.56498161903573
2019-01-19,0.01915170908631344,-0.001,-0.01915170908631344,0.013501892895956064,-0.013501892895956064,101.3501892895956,98.6498107104044
2019-01-20,-0.03480896063362753,0.0029,-0.03480896063362753,-0.021307067737671468,-0.0483108535295836,97.86929322623286,95.16891464704163
2019-01-21,-0.00696144385534997,-0.0025,0.00696144385534997,-0.028268511593021437,-0.04134940967423363,97.17314884069785,95.86505903257664
2019-01-22,0.007950530352079451,0.0018,0.007950530352079451,-0.020317981240941987,-0.03339887932215418,97.9682018759058,96.66011206778458
2019-01-23,-0.005411671683208206,-0.0028,0.005411671683208206,-0.025729652924150193,-0.027987207638945973,97.42703470758498,97.20127923610539
2019-01-24,0.004381431205159669,0.0017,0.004381431205159669,-0.021348221718990524,-0.023605776433786304,97.86517782810094,97.63942235662138
2019-01-25,-0.0003054204431264169,0.0018,-0.0003054204431264169,-0.021653642162116942,-0.023911196876912722,97.8346357837883,97.60888031230873
2019-01-26,0.000748263108308646,-0.0038,-0.000748263108308646,-0.020905379053808296,-0.024659459985221368,97.90946209461917,97.53405400147787
2019-01-27,-0.005147111829675194,-0.0001,0.005147111829675194,-0.026052490883483492,-0.019512348155546172,97.39475091165166,98.04876518444539
2019-01-28,-0.03218556319252221,-0.0003,0.03218556319252221,-0.0582380540760057,0.012673215036976035,94.17619459239943,101.26732150369759
2019-01-29,-0.006456126634728354,0.0005,-0.006456126634728354,-0.06469418071073406,0.006217088402247681,93.5305819289266,100.62170884022477
2019-01-30,0.01097878318274514,-0.0007,-0.01097878318274514,-0.053715397527988915,-0.0047616947804974595,94.6284602472011,99.52383052195025
2019-01-31,-0.008176606844941092,-0.0017,0.008176606844941092,-0.06189200437293001,0.0034149120644436327,93.810799562707,100.34149120644436
2019-02-01,0.008682382564032733,0.0003,0.008682382564032733,-0.053209621808897274,0.012097294628476366,94.67903781911026,101.20972946284763
2019-02-02,0.00944947797798478,0.0009,0.00944947797798478,-0.04376014383091249,0.021546772606461144,95.62398561690874,102.15467726064611
2019-02-03,-0.016334438153328454,-0.0035,0.016334438153328454,-0.06009458198424095,0.0378812107597896,93.99054180157592,103.78812107597896
2019-02-04,-0.0014038013124339505,-0.0002,0.0014038013124339505,-0.0614983832966749,0.03928501207222355,93.85016167033251,103.92850120722234
2019-02-05,0.0020802424842303025,0.0018,0.0020802424842303025,-0.05941814081244459,0.04136525455645385,94.05818591875554,104.13652545564538
2019-02-06,-0.01528769386396383,-0.0009,0.01528769386396383,-0.07470583467640843,0.05665294842041768,92.52941653235915,105.66529484204177
2019-02-07,-0.004196583131107194,0.0007,-0.004196583131107194,-0.07890241780751563,0.05245636528931049,92.10975821924843,105.24563652893104
2019-02-08,0.07569393588291641,-0.0001,-0.07569393588291641,-0.0032084819245992158,-0.02323757059360592,99.67915180754008,97.67624294063941
2019-02-09,0.0012056010491401305,-0.0002,-0.0012056010491401305,-0.0020028808754590853,-0.02444317164274605,99.79971191245409,97.5556828357254
2019-02-10,0.005157899888638,-0.0001,-0.005157899888638,0.0031550190131789143,-0.02960107153138405,100.31550190131789,97.03989284686159
2019-02-11,-0.011380348064789417,0.0025,-0.011380348064789417,-0.008225329051610502,-0.04098141959617347,99.17746709483895,95.90185804038265
2019-02-12,0.0013963104063156144,-0.0044,-0.0013963104063156144,-0.006829018645294888,-0.04237773000248908,99.31709813547052,95.76222699975109
2019-02-13,-0.00589054343790025,0.0007,-0.00589054343790025,-0.012719562083195139,-0.04826827344038933,98.72804379168049,95.17317265596107
2019-02-14,-0.004190873785797591,0.0062,-0.004190873785797591,-0.01691043586899273,-0.05245914722618692,98.30895641310072,94.75408527738131
2019-02-15,0.0010859629219539917,-0.0005,-0.0010859629219539917,-0.015824472947038738,-0.05354511014814091,98.41755270529613,94.6454889851859
2019-02-16,0.0024761574438561178,-0.0016,-0.0024761574438561178,-0.01334831550318262,-0.05602126759199703,98.66516844968174,94.3978732408003
2019-02-17,0.012062263722242502,-0.003,-0.012062263722242502,-0.001286051780940118,-0.06808353131423953,99.871394821906,93.19164686857604
2019-02-18,0.06376138161425873,0.004,0.06376138161425873,0.06247532983331862,-0.004322149699980793,106.24753298333187,99.56778503000191
2019-02-19,0.007981955114738431,0.0011,0.007981955114738431,0.07045728494805704,0.0036598054147576383,107.04572849480572,100.36598054147576
2019-02-20,0.013269765295225703,-0.0006,-0.013269765295225703,0.08372705024328275,-0.009609959880468064,108.37270502432827,99.0390040119532
2019-02-21,-0.01149189038798173,-0.0002,0.01149189038798173,0.07223515985530102,0.0018819305075136652,107.2235159855301,100.18819305075138
2019-02-22,0.01291745129035963,-0.001,-0.01291745129035963,0.08515261114566065,-0.011035520782845965,108.51526111456606,98.8964479217154
2019-02-23,0.033630892831814106,0.0031,0.033630892831814106,0.11878350397747475,0.02259537204896814,111.87835039774747,102.25953720489682
2019-02-24,-0.08356456815364668,0.0044,-0.08356456815364668,0.03521893582382807,-0.06096919610467855,103.52189358238282,93.90308038953215
2019-02-25,0.01878844719138865,-0.0031,-0.01878844719138865,0.05400738301521672,-0.0797576432960672,105.40073830152168,92.02423567039328
2019-02-26,-0.007325399304251253,0.0023,-0.007325399304251253,0.04668198371096547,-0.08708304260031846,104.66819837109655,91.29169573996816
2019-02-27,-0.0008592791907515978,-0.0055,0.0008592791907515978,0.04582270452021387,-0.08622376340956686,104.58227045202139,91.37762365904332
2019-02-28,0.0009701838615426537,0.0087,0.0009701838615426537,0.04679288838175653,-0.0852535795480242,104.67928883817565,91.47464204519757
2019-03-01,0.0012440007813265554,0.0,0.0012440007813265554,0.04803688916308308,-0.08400957876669765,104.80368891630832,91.59904212333024
2019-03-02,0.0012509840481076374,-0.008,-0.0012509840481076374,0.04928787321119072,-0.08526056281480529,104.92878732111907,91.47394371851946
2019-03-03,-0.004471006597722202,0.0017,-0.004471006597722202,0.044816866613468516,-0.0897315694125275,104.48168666134686,91.02684305874725
2019-03-04,-0.02250631400699113,0.0016,-0.02250631400699113,0.022310552606477387,-0.11223788341951862,102.23105526064774,88.77621165804814
2019-03-05,0.03521363198823094,0.0025,0.03521363198823094,0.05752418459470832,-0.07702425143128769,105.75241845947083,92.29757485687124
2019-03-06,0.0019403387749481196,-0.0034,-0.0019403387749481196,0.05946452336965644,-0.07896459020623581,105.94645233696565,92.10354097937642
2019-03-07,0.0019299650138132867,-0.0018,-0.0019299650138132867,0.06139448838346973,-0.0808945552200491,106.13944883834698,91.91054447799509
2019-03-08,-0.002650274659222872,0.0032,-0.002650274659222872,0.05874421372424686,-0.08354482987927198,105.87442137242469,91.6455170120728
2019-03-09,0.015813810733685284,0.0003,0.015813810733685284,0.07455802445793214,-0.06773101914558669,107.45580244579322,93.22689808544133
2019-03-10,-0.0029599503371447217,-0.0029,0.0029599503371447217,0.07159807412078742,-0.06477106880844197,107.15980741207873,93.52289311915581
2019-03-11,-0.011804535497417761,0.0017,-0.011804535497417761,0.059793538623369655,-0.07657560430585973,105.97935386233696,92.34243956941403
2019-03-12,0.0010055701280708724,0.0006,0.0010055701280708724,0.060799108751440525,-0.07557003417778886,106.07991087514405,92.44299658222111
2019-03-13,-0.0006241055636952928,0.0009,-0.0006241055636952928,0.060175003187745234,-0.07619413974148416,106.01750031877452,92.38058602585158
2019-03-14,0.004508157600454035,-0.0021,-0.004508157600454035,0.06468316078819927,-0.08070229734193819,106.46831607881992,91.92977026580618
2019-03-15,0.009268472983479523,0.0014,0.009268472983479523,0.07395163377167879,-0.07143382435845867,107.39516337716788,92.85661756415413
2019-03-16,0.021928138849821747,-0.0019,-0.021928138849821747,0.09587977262150055,-0.09336196320828041,109.58797726215006,90.66380367917196
2019-03-17,-0.005820417086063616,0.0002,-0.005820417086063616,0.09005935553543692,-0.09918238029434404,109.0059355535437,90.0817619705656
2019-03-18,0.0018065426028316658,-0.0009,-0.0018065426028316658,0.09186589813826859,-0.1009889228971757,109.18658981382686,89.90110771028243
2019-03-19,0.009547038439505579,0.001,0.009547038439505579,0.10141293657777417,-0.09144188445767013,110.14129365777742,90.85581155423299
2019-03-20,0.003992356747011401,-0.0002,-0.003992356747011401,0.10540529332478557,-0.09543424120468152,110.54052933247856,90.45657587953184
2019-03-21,-0.014328401776095966,0.0012,-0.014328401776095966,0.0910768915486896,-0.1097626429807775,109.10768915486896,89.02373570192225
2019-03-22,-0.0013307950796282526,0.0011,-0.0013307950796282526,0.08974609646906134,-0.11109343806040575,108.97460964690613,88.89065619395943
2019-03-23,0.002942547057334041,-0.001,-0.002942547057334041,0.09268864352639539,-0.1140359851177398,109.26886435263954,88.59640148822602
2019-03-24,-0.003389978948558513,-0.0005,0.003389978948558513,0.08929866457783688,-0.11064600616918129,108.92986645778369,88.93539938308187
2019-03-25,-0.01480199571194969,0.0014,-0.01480199571194969,0.07449666886588718,-0.12544800188113098,107.44966688658873,87.4551998118869
2019-03-26,0.005538472845827742,0.001,0.005538472845827742,0.08003514171171493,-0.11990952903530323,108.00351417117149,88.00904709646967
2019-03-27,0.025269802021311023,-0.0018,-0.025269802021311023,0.10530494373302596,-0.14517933105661426,110.5304943733026,85.48206689433857
2019-03-28,-0.004403784047991915,-0.0002,0.004403784047991915,0.10090115968503405,-0.14077554700862235,110.0901159685034,85.92244529913776
2019-03-29,0.007166825805851303,0.0001,0.007166825805851303,0.10806798549088535,-0.13360872120277106,110.80679854908853,86.6391278797229
2019-03-30,0.002019649435177177,0.0013,0.002019649435177177,0.11008763492606252,-0.13158907176759388,111.00876349260625,86.84109282324061
2019-03-31,-0.0003058570757639961,-0.0021,0.0003058570757639961,0.10978177785029852,-0.13128321469182988,110.97817778502986,86.87167853081701
2019-04-01,0.012773998292133912,0.0009,0.012773998292133912,0.12255577614243243,-0.11850921639969597,112.25557761424325,88.14907836003042
2019-04-02,0.16004197994516287,0.0014,0.16004197994516287,0.2825977560875953,0.041532763545466894,128.25977560875953,104.1532763545467
2019-04-03,0.018907492974592766,0.002,0.018907492974592766,0.30150524906218806,0.06044025652005966,130.1505249062188,106.04402565200597
2019-04-04,-0.010150461942397916,-0.0021,0.010150461942397916,0.2913547871197901,0.07059071846245757,129.135478711979,107.05907184624577
2019-04-05,0.022870127348453107,0.0045,0.022870127348453107,0.31422491446824324,0.09346084581091067,131.42249144682432,109.34608458109108
2019-04-06,0.004583028743319833,-0.0033,-0.004583028743319833,0.3188079432115631,0.08887781706759083,131.88079432115632,108.88778170675909
2019-04-07,0.027116090177809686,-0.0006,-0.027116090177809686,0.3459240333893728,0.06176172688978115,134.59240333893726,106.17617268897813
2019-04-08,0.017328472442366353,0.0128,0.017328472442366353,0.3632525058317391,0.0790901993321475,136.3252505831739,107.90901993321475
2019-04-09,-0.016163226788210222,-0.004,0.016163226788210222,0.34708927904352893,0.09525342612035773,134.7089279043529,109.52534261203577
2019-04-10,0.022716802987142883,-0.0002,-0.022716802987142883,0.36980608203067183,0.07253662313321485,136.9806082030672,107.25366231332147
2019-04-11,-0.05007552531623528,0.0,-0.05007552531623528,0.31973055671443656,0.022461097816979574,131.97305567144366,102.24610978169795
2019-04-12,0.004934263259707527,0.0043,0.004934263259707527,0.3246648199741441,0.0273953610766871,132.4664819974144,102.7395361076687
2019-04-13,0.0013837183003608921,0.005,0.0013837183003608921,0.326048538274505,0.028779079377047993,132.6048538274505,102.87790793770479
2019-04-14,0.013861017578417989,-0.0052,-0.013861017578417989,0.339909555852923,0.014918061798630004,133.9909555852923,101.491806179863
2019-04-15,-0.01966168577363496,-0.0013,0.01966168577363496,0.320247870079288,0.034579747572264966,132.02478700792878,103.4579747572265
2019-04-16,0.0327034095729002,0.0035,0.0327034095729002,0.3529512796521882,0.06728315714516517,135.2951279652188,106.72831571451651
2019-04-17,0.003123420286820091,-0.0007,-0.003123420286820091,0.3560746999390083,0.06415973685834507,135.60746999390082,106.4159736858345
2019-04-18,0.008805048124612476,-0.0011,-0.008805048124612476,0.3648797480636208,0.055354688733732595,136.48797480636208,105.53546887337326
2019-04-19,0.0010237043960234227,-0.0005,-0.0010237043960234227,0.3659034524596442,0.05433098433770917,136.59034524596444,105.43309843377091
2019-04-20,0.006403835949296579,0.0013,0.006403835949296579,0.37230728840894073,0.06073482028700575,137.23072884089407,106.07348202870057
2019-04-21,-0.004384923415821964,-0.0002,0.004384923415821964,0.36792236499311876,0.0651197437028277,136.79223649931188,106.51197437028277
2019-04-22,0.01583658328806091,0.0029,0.01583658328806091,0.3837589482811797,0.08095632699088862,138.37589482811796,108.09563269908887
2019-04-23,0.03153759108124741,-0.0013,-0.03153759108124741,0.4152965393624271,0.04941873590964121,141.5296539362427,104.94187359096412
2019-04-24,-0.01947925891752566,0.0018,-0.01947925891752566,0.39581728044490144,0.02993947699211555,139.58172804449015,102.99394769921155
2019-04-25,-0.04766091036686794,-0.0009,0.04766091036686794,0.3481563700780335,0.07760038735898349,134.81563700780333,107.76003873589835
2019-04-26,0.013123813511948284,0.002,0.013123813511948284,0.3612801835899818,0.09072420087093178,136.12801835899816,109.07242008709316
2019-04-27,-0.0020966081379164233,-0.002,0.0020966081379164233,0.3591835754520654,0.0928208090088482,135.91835754520653,109.28208090088482
2019-04-28,0.0031929255289711586,0.0009,0.0031929255289711586,0.3623765009810366,0.09601373453781936,136.23765009810364,109.60137345378193
2019-04-29,-0.007175278974608815,0.004,-0.007175278974608815,0.3552012220064278,0.08883845556321054,135.5201222006428,108.88384555632105
2019-04-30,0.019508686728554894,-0.0027,-0.019508686728554894,0.37470990873498267,0.06932976883465565,137.47099087349827,106.93297688346557
2019-05-01,0.009665964713160186,-0.0039,-0.009665964713160186,0.38437587344814284,0.05966380412149547,138.4375873448143,105.96638041214955
2019-05-02,0.018809979611703023,0.0008,0.018809979611703023,0.40318585305984583,0.0784737837331985,140.31858530598458,107.84737837331986
2019-05-03,0.046667296091749896,0.0028,0.046667296091749896,0.44985314915159574,0.12514107982494838,144.9853149151596,112.51410798249483
2019-05-04,0.010841635901691647,0.0003,0.010841635901691647,0.46069478505328737,0.13598271572664003,146.06947850532873,113.598271572664
2019-05-05,-0.006099504975830169,-0.0038,0.006099504975830169,0.4545952800774572,0.1420822207024702,145.45952800774572,114.20822207024702
2019-05-06,-0.008473310527672577,0.0026,-0.008473310527672577,0.4461219695497846,0.13360891017479762,144.61219695497846,113.36089101747977
2019-05-07,0.014287066029060996,0.0008,0.014287066029060996,0.4604090355788456,0.1478959762038586,146.04090355788455,114.78959762038585
2019-05-08,0.025899955365595913,0.0021,0.025899955365595913,0.4863089909444415,0.17379593156945453,148.63089909444415,117.37959315694546
2019-05-09,0.03160113330297843,0.0012,0.03160113330297843,0.51791012424742,0.20539706487243295,151.791012424742,120.53970648724331
2019-05-10,0.03255511915897777,0.0007,0.03255511915897777,0.5504652434063978,0.23795218403141072,155.04652434063976,123.79521840314108
2019-05-11,0.12175582011366133,0.0004,0.12175582011366133,0.6722210635200592,0.35970800414507204,167.2221063520059,135.9708004145072
2019-05-12,-0.032788090074648134,0.0025,-0.032788090074648134,0.6394329734454111,0.3269199140704239,163.94329734454112,132.6919914070424
2019-05-13,0.11407866971948859,0.001,0.11407866971948859,0.7535116431648996,0.4409985837899125,175.35116431648996,144.09985837899123
2019-05-14,0.022709207680583553,0.0079,0.022709207680583553,0.7762208508454832,0.46370779147049607,177.62208508454833,146.3707791470496
2019-05-15,0.026020895908440717,-0.0039,-0.026020895908440717,0.8022417467539239,0.43768689556205537,180.2241746753924,143.76868955620554
2019-05-16,-0.03981349359787896,0.0098,-0.03981349359787896,0.7624282531560449,0.3978734019641764,176.24282531560448,139.78734019641763
2019-05-17,-0.07108127727291928,0.0065,-0.07108127727291928,0.6913469758831257,0.3267921246912571,169.13469758831258,132.6792124691257
2019-05-18,-0.00994698385036302,-0.0044,0.00994698385036302,0.6813999920327627,0.33673910854162015,168.13999920327626,133.67391085416202
2019-05-19,0.11992989938696136,0.0078,0.11992989938696136,0.801329891419724,0.4566690079285815,180.1329891419724,145.66690079285814
2019-05-20,-0.027125846017364782,-0.0025,0.027125846017364782,0.7742040454023592,0.4837948539459463,177.42040454023592,148.3794853945946
2019-05-21,-0.0018795371735582038,0.0076,-0.0018795371735582038,0.772324508228801,0.4819153167723881,177.2324508228801,148.19153167723883
2019-05-22,-0.03621876361235265,-0.0023,0.03621876361235265,0.7361057446164484,0.5181340803847407,173.61057446164483,151.81340803847408
2019-05-23,0.025934032931081173,-0.008,-0.025934032931081173,0.7620397775475296,0.4922000474536596,176.20397775475297,149.22000474536597
2019-05-24,0.013299515535655294,0.0083,0.013299515535655294,0.7753392930831849,0.5054995629893149,177.5339293083185,150.54995629893148
2019-05-25,0.008126317316201071,0.0108,0.008126317316201071,0.783465610399386,0.5136258803055159,178.3465610399386,151.3625880305516
2019-05-26,0.0742515759961349,0.0003,0.0742515759961349,0.8577171863955209,0.5878774563016508,185.7717186395521,158.7877456301651
2019-05-27,0.015168497755669499,-0.0037,-0.015168497755669499,0.8728856841511904,0.5727089585459813,187.28856841511904,157.27089585459814
2019-05-28,-0.009793263020724736,-0.0008,0.009793263020724736,0.8630924211304657,0.582502221566706,186.30924211304657,158.2502221566706
2019-05-29,-0.006959352084891172,0.0136,-0.006959352084891172,0.8561330690455745,0.5755428694818148,185.61330690455745,157.55428694818147
2019-05-30,-0.04005664803386648,0.0024,-0.04005664803386648,0.8160764210117081,0.5354862214479483,181.6076421011708,153.54862214479482
2019-05-31,0.03019403995038015,-0.0028,-0.03019403995038015,0.8462704609620882,0.5052921814975682,184.6270460962088,150.52921814975682
2019-06-01,-0.0012236007767618025,0.0081,-0.0012236007767618025,0.8450468601853265,0.5040685807208064,184.50468601853265,150.40685807208064
2019-06-02,0.020679267953502948,0.0016,0.020679267953502948,0.8657261281388294,0.5247478486743093,186.57261281388293,152.47478486743094
2019-06-03,-0.06301805872814803,0.0064,-0.06301805872814803,0.8027080694106814,0.4617297899461613,180.27080694106814,146.17297899461613
2019-06-04,-0.06300147833202326,-0.0072,0.06300147833202326,0.7397065910786581,0.5247312682781846,173.9706591078658,152.47312682781848
2019-06-05,0.01499647351215839,-0.0004,-0.01499647351215839,0.7547030645908165,0.5097347947660262,175.47030645908163,150.97347947660262
2019-06-06,-0.00028224096196431626,0.0063,-0.00028224096196431626,0.7544208236288522,0.509452553804062,175.44208236288523,150.9452553804062
2019-06-07,0.027977129028425522,0.0019,0.027977129028425522,0.7823979526572777,0.5374296828324875,178.23979526572776,153.74296828324873
2019-06-08,-0.011229371389998598,0.0047,-0.011229371389998598,0.7711685812672792,0.5262003114424889,177.1168581267279,152.62003114424888
2019-06-09,-0.034020323910449075,-0.0077,0.034020323910449075,0.7371482573568301,0.560220635352938,173.714825735683,156.0220635352938
2019-06-10,0.03981203310402684,0.0012,0.03981203310402684,0.7769602904608569,0.6000326684569648,177.6960290460857,160.0032668456965
2019-06-11,-0.009117973096642518,0.0009,-0.009117973096642518,0.7678423173642144,0.5909146953603223,176.78423173642145,159.09146953603224
2019-06-12,0.02714473976502471,0.0021,0.02714473976502471,0.7949870571292391,0.618059435125347,179.4987057129239,161.8059435125347
2019-06-13,0.010388753415522622,0.0036,0.010388753415522622,0.8053758105447617,0.6284481885408696,180.53758105447616,162.84481885408698
2019-06-14,0.054715664987565235,-0.0042,-0.054715664987565235,0.8600914755323269,0.5737325235533044,186.0091475532327,157.37325235533044
2019-06-15,0.016489111569863667,0.002,0.016489111569863667,0.8765805871021906,0.590221635123168,187.65805871021905,159.0221635123168
2019-06-16,0.01750894028989833,0.0018,0.01750894028989833,0.8940895273920889,0.6077305754130664,189.40895273920887,160.77305754130663
2019-06-17,0.03558847754265055,0.0009,0.03558847754265055,0.9296780049347395,0.643319052955717,192.96780049347396,164.33190529557172
2019-06-18,-0.025932150877259717,0.0006,-0.025932150877259717,0.9037458540574798,0.6173869020784573,190.37458540574795,161.73869020784574
2019-06-19,0.020894883875609255,-0.0018,-0.020894883875609255,0.924640737933089,0.596492018202848,192.4640737933089,159.64920182028482
2019-06-20,0.026983496278319804,0.0084,0.026983496278319804,0.9516242342114087,0.6234755144811678,195.1624234211409,162.3475514481168
2019-06-21,0.06279058677322437,-0.0025,-0.06279058677322437,1.014414820984633,0.5606849277079434,201.4414820984633,156.06849277079436
2019-06-22,0.05346453419740836,0.006,0.05346453419740836,1.0678793551820414,0.6141494619053518,206.78793551820416,161.41494619053518
2019-06-23,0.014258184901389831,0.0017,0.014258184901389831,1.0821375400834312,0.6284076468067417,208.21375400834313,162.84076468067417
2019-06-24,0.014244096299186527,0.0021,0.014244096299186527,1.0963816363826178,0.6426517431059282,209.63816363826177,164.2651743105928
2019-06-25,0.06842540312108276,0.002,0.06842540312108276,1.1648070395037005,0.711077146227011,216.48070395037004,171.10771462270108
2019-06-26,0.09886766271113301,0.0031,0.09886766271113301,1.2636747022148334,0.809944808938144,226.36747022148333,180.9944808938144
2019-06-27,-0.15181967387944534,0.0109,-0.15181967387944534,1.111855028335388,0.6581251350586987,211.1855028335388,165.81251350586987
2019-06-28,0.10391011323312893,0.0002,0.10391011323312893,1.2157651415685171,0.7620352482918277,221.57651415685172,176.20352482918275
2019-06-29,-0.036772427662670644,0.0074,-0.036772427662670644,1.1789927139058465,0.725262820629157,217.89927139058466,172.5262820629157
2019-06-30,-0.1003818379465242,-0.0061,0.1003818379465242,1.0786108759593223,0.8256446585756813,207.86108759593222,182.5644658575681
2019-07-01,-0.02187165085279532,0.0164,-0.02187165085279532,1.0567392251065268,0.803773007722886,205.67392251065266,180.3773007722886
2019-07-02,0.020439793579153823,-0.0006,-0.020439793579153823,1.0771790186856807,0.7833332141437321,207.71790186856808,178.33332141437322
2019-07-03,0.10197242316008566,-0.0162,-0.10197242316008566,1.1791514418457663,0.6813607909836464,217.91514418457663,168.13607909836463
2019-07-04,-0.06438271350068489,0.0126,-0.06438271350068489,1.1147687283450813,0.6169780774829615,211.47687283450813,161.69780774829613
2019-07-05,-0.021356009782202652,-0.0057,0.021356009782202652,1.0934127185628786,0.6383340872651642,209.34127185628785,163.8334087265164
2019-07-06,0.02074178191780881,0.0048,0.02074178191780881,1.1141545004806874,0.659075869182973,211.41545004806872,165.9075869182973
2019-07-07,0.021386723516895825,-0.0136,-0.021386723516895825,1.1355412239975833,0.6376891456660772,213.5541223997583,163.76891456660772
2019-07-08,0.07039331174397442,0.0082,0.07039331174397442,1.2059345357415576,0.7080824574100516,220.59345357415577,170.80824574100518
2019-07-09,0.023159293265194524,0.0069,0.023159293265194524,1.2290938290067521,0.7312417506752461,222.90938290067518,173.12417506752462
2019-07-10,-0.033751227670391175,-0.0058,0.033751227670391175,1.195342601336361,0.7649929783456373,219.53426013363614,176.49929783456372
2019-07-11,-0.06788441619443791,-0.005,0.06788441619443791,1.1274581851419232,0.8328773945400751,212.7458185141923,183.28773945400752
2019-07-12,0.039472753890999794,0.001,0.039472753890999794,1.166930939032923,0.872350148431075,216.69309390329232,187.2350148431075
2019-07-13,-0.03650877332749257,0.0125,-0.03650877332749257,1.1304221657054305,0.8358413751035824,213.04221657054305,183.58413751035823
2019-07-14,-0.10507600152024446,0.0012,-0.10507600152024446,1.025346164185186,0.7307653735833379,202.53461641851862,173.07653735833378
2019-07-15,0.06044360140859971,-0.0024,-0.06044360140859971,1.0857897655937856,0.6703217721747382,208.5789765593786,167.03217721747384
2019-07-16,-0.139376705557449,-0.0015,0.139376705557449,0.9464130600363366,0.8096984777321872,194.64130600363364,180.9698477732187
2019-07-17,0.022551278771244514,-0.0034,-0.022551278771244514,0.9689643388075811,0.7871471989609427,196.89643388075814,178.71471989609427
2019-07-18,0.09561955311702273,0.0182,0.09561955311702273,1.0645838919246038,0.8827667520779654,206.45838919246037,188.27667520779653
2019-07-19,-0.012808461572453474,-0.0148,0.012808461572453474,1.0517754303521503,0.8955752136504189,205.17754303521505,189.55752136504188
2019-07-20,0.022200991277914563,-0.0038,-0.022200991277914563,1.073976421630065,0.8733742223725044,207.3976421630065,187.33742223725045
2019-07-21,-0.015729262910371192,0.0082,-0.015729262910371192,1.0582471587196938,0.8576449594621331,205.8247158719694,185.76449594621332
2019-07-22,-0.024449353995819822,-0.003,0.024449353995819822,1.033797804723874,0.882094313457953,203.3797804723874,188.20943134579528
2019-07-23,-0.04370796657788837,0.0087,-0.04370796657788837,0.9900898381459857,0.8383863468800646,199.00898381459857,183.83863468800647
2019-07-24,-0.009013725003862097,-0.0014,0.009013725003862097,0.9810761131421236,0.8474000718839267,198.10761131421236,184.74000718839267
2019-07-25,0.01013162118236875,0.0034,0.01013162118236875,0.9912077343244924,0.8575316930662955,199.12077343244925,185.75316930662956
2019-07-26,-0.004199559348237185,-0.0005,0.004199559348237185,0.9870081749762551,0.8617312524145327,198.7008174976255,186.17312524145325
2019-07-27,-0.04059130260636053,0.0006,-0.04059130260636053,0.9464168723698946,0.8211399498081722,194.64168723698947,182.1139949808172
2019-07-28,0.00790130145568604,0.001,0.00790130145568604,0.9543181738255806,0.8290412512638582,195.43181738255805,182.90412512638582
2019-07-29,-0.0035355357341168314,0.0009,-0.0035355357341168314,0.9507826380914638,0.8255057155297414,195.0782638091464,182.55057155297413
2019-07-30,0.009231027824355385,-0.0016,-0.009231027824355385,0.9600136659158192,0.816274687705386,196.00136659158193,181.6274687705386
2019-07-31,0.04857531818977142,0.0048,0.04857531818977142,1.0085889841055906,0.8648500058951575,200.85889841055905,186.48500058951575
2019-08-01,0.030662540203208546,-0.0017,-0.030662540203208546,1.0392515243087992,0.8341874656919489,203.9251524308799,183.4187465691949
2019-08-02,0.011330721204403189,0.0001,0.011330721204403189,1.0505822455132023,0.845518186896352,205.05822455132022,184.55181868963518
2019-08-03,0.028451137496405703,0.0015,0.028451137496405703,1.079033383009608,0.8739693243927578,207.9033383009608,187.3969324392758
2019-08-04,0.01362526699286931,0.0001,0.01362526699286931,1.0926586500024773,0.887594591385627,209.26586500024774,188.7594591385627
2019-08-05,0.07339741253473599,0.0015,0.07339741253473599,1.1660560625372134,0.960992003920363,216.60560625372133,196.0992003920363
2019-08-06,-0.028131633051994915,0.0029,-0.028131633051994915,1.1379244294852184,0.932860370868368,213.79244294852185,193.2860370868368
2019-08-07,0.039612102701220696,0.001,0.039612102701220696,1.177536532186439,0.9724724735695888,217.75365321864388,197.24724735695887
2019-08-08,0.0020443450893457694,0.0037,0.0020443450893457694,1.1795808772757848,0.9745168186589346,217.9580877275785,197.45168186589345
2019-08-09,-0.008684364570210453,-0.0029,0.008684364570210453,1.1708965127055744,0.9832011832291451,217.08965127055743,198.32011832291448
2019-08-10,-0.04384670682426889,0.0053,-0.04384670682426889,1.1270498058813054,0.9393544764048762,212.70498058813052,193.9354476404876
2019-08-11,0.01482303795072416,0.0039,0.01482303795072416,1.1418728438320296,0.9541775143556004,214.18728438320295,195.41775143556004
2019-08-12,-0.012307995157650272,-0.0025,0.012307995157650272,1.1295648486743792,0.9664855095132506,212.9564848674379,196.64855095132506
2019-08-13,-0.04370714340636815,0.0019,-0.04370714340636815,1.0858577052680112,0.9227783661068825,208.5857705268011,192.27783661068824
2019-08-14,-0.08063797186927744,0.0012,-0.08063797186927744,1.0052197333987338,0.842140394237605,200.5219733398734,184.21403942376048
2019-08-15,0.025522045879768654,0.0018,0.025522045879768654,1.0307417792785025,0.8676624401173737,203.07417792785026,186.76624401173737
2019-08-16,0.006071112024836454,-0.0065,-0.006071112024836454,1.036812891303339,0.8615913280925372,203.6812891303339,186.15913280925375
2019-08-17,-0.013840282226004096,0.0009,-0.013840282226004096,1.0229726090773348,0.8477510458665332,202.29726090773346,184.77510458665333
2019-08-18,0.011086601501320946,0.0022,0.011086601501320946,1.0340592105786557,0.8588376473678541,203.40592105786558,185.8837647367854
2019-08-19,0.05365286352708268,-0.0021,-0.05365286352708268,1.0877120741057384,0.8051847838407714,208.77120741057382,180.51847838407716
2019-08-20,-0.01409860264023037,-0.0097,0.01409860264023037,1.0736134714655081,0.8192833864810017,207.36134714655083,181.92833864810018
2019-08-21,-0.05984026784307576,0.0052,-0.05984026784307576,1.0137732036224323,0.759443118637926,201.37732036224324,175.9443118637926
2019-08-22,-0.0006901282632618762,0.0039,-0.0006901282632618762,1.0130830753591704,0.7587529903746641,201.30830753591704,175.87529903746642
2019-08-23,0.026965838938677336,-0.0008,-0.026965838938677336,1.0400489142978477,0.7317871514359868,204.00489142978478,173.17871514359868
2019-08-24,-0.024116765960275496,-0.0061,0.024116765960275496,1.0159321483375723,0.7559039173962623,201.59321483375723,175.59039173962623
2019-08-25,-0.0021128054459777766,0.007,-0.0021128054459777766,1.0138193428915945,0.7537911119502845,201.38193428915946,175.37911119502846
2019-08-26,0.02265433153678992,0.002,0.02265433153678992,1.0364736744283845,0.7764454434870744,203.64736744283843,177.64454434870746
2019-08-27,-0.018030983273242606,-0.0076,0.018030983273242606,1.0184426911551419,0.794476426760317,201.84426911551418,179.4476426760317
2019-08-28,-0.04324433227666519,-0.0037,0.04324433227666519,0.9751983588784767,0.8377207590369822,197.51983588784768,183.7720759036982
2019-08-29,-0.025355880664131834,0.0077,-0.025355880664131834,0.9498424782143449,0.8123648783728503,194.98424782143448,181.23648783728504
2019-08-30,0.009207926793804593,0.0008,0.009207926793804593,0.9590504050081494,0.8215728051666549,195.90504050081495,182.15728051666548
2019-08-31,0.003379327040317109,-0.004,-0.003379327040317109,0.9624297320484665,0.8181934781263378,196.24297320484663,181.8193478126338
2019-09-01,0.013132277863298349,-0.0026,-0.013132277863298349,0.9755620099117649,0.8050612002630394,197.55620099117647,180.50612002630393
2019-09-02,0.058589039905949394,0.0034,0.058589039905949394,1.0341510498177142,0.8636502401689888,203.4151049817714,186.3650240168989
2019-09-03,0.026398798336958105,-0.0029,-0.026398798336958105,1.0605498481546722,0.8372514418320307,206.05498481546724,183.72514418320307
2019-09-04,-0.0027379439807193743,-0.0052,0.0027379439807193743,1.0578119041739529,0.8399893858127501,205.78119041739527,183.998938581275
2019-09-05,-0.0017912085455745695,0.0016,-0.0017912085455745695,1.0560206956283784,0.8381981772671755,205.6020695628378,183.81981772671753
2019-09-06,-0.02123757120612132,0.0012,-0.02123757120612132,1.0347831244222572,0.8169606060610541,203.47831244222573,181.69606060610542
2019-09-07,0.015711657034899674,0.0005,0.015711657034899674,1.0504947814571568,0.8326722630959538,205.04947814571568,183.26722630959537
2019-09-08,-0.007250398220342547,0.0018,-0.007250398220342547,1.0432443832368143,0.8254218648756112,204.32443832368142,182.5421864875611
2019-09-09,-0.010233096023724773,-0.0003,0.010233096023724773,1.0330112872130897,0.835654960899336,203.301128721309,183.5654960899336
2019-09-10,-0.021417820933124145,0.0025,-0.021417820933124145,1.0115934662799655,0.8142371399662118,201.1593466279965,181.4237139966212
2019-09-11,0.006149168396074392,-0.0033,-0.006149168396074392,1.0177426346760399,0.8080879715701375,201.774263467604,180.80879715701374
2019-09-12,0.022513994049130032,-0.0016,-0.022513994049130032,1.04025662872517,0.7855739775210074,204.025662872517,178.55739775210077
2019-09-13,-0.00477405524519715,0.0017,-0.00477405524519715,1.0354825734799729,0.7807999222758103,203.5482573479973,178.07999222758104
2019-09-14,-0.00024114057225826664,0.0004,-0.00024114057225826664,1.0352414329077146,0.7805587817035521,203.52414329077146,178.05587817035521
2019-09-15,-0.0009983634505972261,-0.0007,0.0009983634505972261,1.0342430694571174,0.7815571451541493,203.42430694571175,178.15571451541496
2019-09-16,-0.006877180247420971,-0.0046,0.006877180247420971,1.0273658892096964,0.7884343254015703,202.73658892096967,178.843432540157
2019-09-17,-0.003462462669239066,0.0022,-0.003462462669239066,1.0239034265404574,0.7849718627323312,202.39034265404575,178.49718627323313
2019-09-18,-0.004209930221059197,0.0021,-0.004209930221059197,1.0196934963193982,0.780761932511272,201.96934963193982,178.0761932511272
2019-09-19,0.006661946383021209,-0.0008,-0.006661946383021209,1.0263554427024195,0.7740999861282508,202.63554427024192,177.40999861282506
2019-09-20,-0.008291636137128305,-0.0023,0.008291636137128305,1.0180638065652912,0.7823916222653792,201.80638065652911,178.23916222653793
2019-09-21,-0.016031424200788416,0.0,-0.016031424200788416,1.0020323823645028,0.7663601980645908,200.20323823645026,176.63601980645907
2019-09-22,0.005044859391404166,0.0026,0.005044859391404166,1.0070772417559068,0.771405057455995,200.70772417559067,177.14050574559948
2019-09-23,-0.03445525043050585,-0.0011,0.03445525043050585,0.972621991325401,0.8058603078865009,197.2621991325401,180.58603078865008
2019-09-24,-0.12099364957616317,-0.0026,0.12099364957616317,0.8516283417492377,0.9268539574626641,185.16283417492377,192.6853957462664
2019-09-25,-0.01561601534954044,0.001,-0.01561601534954044,0.8360123263996972,0.9112379421131236,183.60123263996974,191.12379421131237
2019-09-26,-0.04433175097879701,0.0003,-0.04433175097879701,0.7916805754209002,0.8669061911343265,179.16805754209003,186.69061911343266
2019-09-27,0.01623387235917427,-0.0057,-0.01623387235917427,0.8079144477800745,0.8506723187751523,180.79144477800747,185.06723187751524
2019-09-28,-0.0007189659673476395,0.0027,-0.0007189659673476395,0.8071954818127268,0.8499533528078046,180.71954818127267,184.99533528078044
2019-09-29,-0.017337268518277372,-0.0052,0.017337268518277372,0.7898582132944495,0.8672906213260819,178.98582132944495,186.7290621326082
2019-09-30,0.023135803937041368,-0.0061,-0.023135803937041368,0.8129940172314909,0.8441548173890405,181.2994017231491,184.41548173890405
2019-10-01,0.0059395226337599265,0.0005,0.0059395226337599265,0.8189335398652509,0.8500943400228005,181.89335398652509,185.00943400228005
2019-10-02,0.0059470393195571476,-0.0032,-0.0059470393195571476,0.8248805791848081,0.8441473007032433,182.4880579184808,184.4147300703243
2019-10-03,-0.015979386535413347,0.0055,-0.015979386535413347,0.8089011926493948,0.82816791416783,180.89011926493947,182.816791416783
2019-10-04,-0.006565426158625535,-0.0058,0.006565426158625535,0.8023357664907692,0.8347333403264555,180.23357664907692,183.47333403264554
2019-10-05,-0.00665619634724974,-0.0005,0.00665619634724974,0.7956795701435194,0.8413895366737053,179.56795701435192,184.13895366737054
2019-10-06,-0.020242104401147504,-0.0001,0.020242104401147504,0.7754374657423719,0.8616316410748528,177.5437465742372,186.16316410748527
2019-10-07,0.03172260494029448,0.0029,0.03172260494029448,0.8071600706826664,0.8933542460151472,180.71600706826666,189.33542460151475
2019-10-08,-0.0020443650119499617,-0.0007,0.0020443650119499617,0.8051157056707164,0.8953986110270972,180.51157056707163,189.5398611027097
2019-10-09,0.04362860412822516,-0.004,-0.04362860412822516,0.8487443097989416,0.8517700068988721,184.87443097989416,185.1770006898872
2019-10-10,-0.0010786272328066142,0.0024,-0.0010786272328066142,0.847665682566135,0.8506913796660655,184.76656825661348,185.06913796660655
2019-10-11,-0.03131474097102298,-0.0008,0.03131474097102298,0.816350941595112,0.8820061206370884,181.6350941595112,188.20061206370883
2019-10-12,0.0017767504233252784,0.0019,0.0017767504233252784,0.8181276920184373,0.8837828710604136,181.81276920184374,188.37828710604137
2019-10-13,-0.0018669970986244682,-0.0014,0.0018669970986244682,0.8162606949198128,0.8856498681590381,181.62606949198127,188.5649868159038
2019-10-14,0.006430502880908889,-0.0019,-0.006430502880908889,0.8226911978007216,0.8792193652781293,182.26911978007217,187.92193652781293
2019-10-15,-0.020424933628669525,0.0054,-0.020424933628669525,0.8022662641720522,0.8587944316494598,180.2266264172052,185.87944316494597
2019-10-16,-0.019423892045927805,-0.0021,0.019423892045927805,0.7828423721261244,0.8782183236953875,178.28423721261245,187.82183236953875
2019-10-17,0.006981979820451449,-0.0018,-0.006981979820451449,0.7898243519465759,0.8712363438749361,178.98243519465757,187.1236343874936
2019-10-18,-0.01625994004129535,-0.0018,0.01625994004129535,0.7735644119052805,0.8874962839162315,177.35644119052805,188.74962839162316
2019-10-19,0.0019237257013543308,0.0034,0.0019237257013543308,0.7754881376066348,0.8894200096175858,177.54881376066348,188.94200096175857
2019-10-20,0.02881240364957439,0.0012,0.02881240364957439,0.8043005412562092,0.9182324132671602,180.43005412562093,191.82324132671602
2019-10-21,0.002628793256809738,-0.0048,-0.002628793256809738,0.806929334513019,0.9156036200103504,180.69293345130188,191.56036200103506
2019-10-22,-0.020282321351476076,-0.0011,0.020282321351476076,0.7866470131615428,0.9358859413618266,178.6647013161543,193.58859413618265
2019-10-23,-0.07231210270483085,0.0029,-0.07231210270483085,0.714334910456712,0.8635738386569958,171.43349104567122,186.35738386569957
2019-10-24,-0.002822880107401906,-0.0012,0.002822880107401906,0.7115120303493101,0.8663967187643977,171.151203034931,186.63967187643976
2019-10-25,0.14476109376229537,0.0004,0.14476109376229537,0.8562731241116055,1.0111578125266931,185.62731241116055,201.11578125266928
2019-10-26,0.06528433389590743,-0.002,-0.06528433389590743,0.921557458007513,0.9458734786307856,192.1557458007513,194.58734786307858
2019-10-27,0.03264079606171516,0.003,0.03264079606171516,0.9541982540692282,0.9785142746925009,195.41982540692283,197.8514274692501
2019-10-28,-0.03143267647776976,0.0025,-0.03143267647776976,0.9227655775914585,0.9470815982147311,192.27655775914585,194.70815982147312
2019-10-29,0.018362811864515386,-0.0103,-0.018362811864515386,0.9411283894559739,0.9287187863502158,194.1128389455974,192.87187863502157
2019-10-30,-0.023825095664517435,0.0041,-0.023825095664517435,0.9173032937914565,0.9048936906856984,191.73032937914564,190.48936906856983
2019-10-31,-0.0006673728091959231,0.0073,-0.0006673728091959231,0.9166359209822605,0.9042263178765024,191.66359209822605,190.42263178765023
2019-11-01,0.006664947036679383,0.006,0.006664947036679383,0.92330086801894,0.9108912649131818,192.330086801894,191.08912649131818
2019-11-02,0.006845382302566567,-0.0072,-0.006845382302566567,0.9301462503215066,0.9040458826106152,193.01462503215066,190.40458826106152
2019-11-03,-0.009629700820796876,-0.0062,0.009629700820796876,0.9205165495007097,0.9136755834314121,192.05165495007097,191.3675583431412
2019-11-04,0.019011525907894105,0.0066,0.019011525907894105,0.9395280754086038,0.9326871093393062,193.9528075408604,193.2687109339306
2019-11-05,-0.007473715316006415,0.0014,-0.007473715316006415,0.9320543600925975,0.9252133940232998,193.20543600925976,192.52133940232997
2019-11-06,0.0019624814524329477,0.0004,0.0019624814524329477,0.9340168415450304,0.9271758754757328,193.40168415450302,192.7175875475733
2019-11-07,-0.010018996068980069,-0.0049,0.010018996068980069,0.9239978454760504,0.9371948715447128,192.39978454760504,193.71948715447127
2019-11-08,-0.05121408380165541,0.0041,-0.05121408380165541,0.872783761674395,0.8859807877430574,187.2783761674395,188.59807877430575
2019-11-09,0.0009877334659375704,0.0018,0.0009877334659375704,0.8737714951403326,0.886968521208995,187.37714951403325,188.6968521208995
2019-11-10,0.027081275368664334,0.0038,0.027081275368664334,0.9008527705089969,0.9140497965776594,190.0852770508997,191.40497965776592
2019-11-11,-0.03343184816309846,-0.0059,0.03343184816309846,0.8674209223458985,0.9474816447407578,186.74209223458985,194.7481644740758
2019-11-12,0.006586553190772756,0.0025,0.006586553190772756,0.8740074755366712,0.9540681979315305,187.40074755366712,195.40681979315306
2019-11-13,-0.0008397010900884414,0.0005,-0.0008397010900884414,0.8731677744465828,0.9532284968414421,187.3167774446583,195.3228496841442
2019-11-14,-0.01143720209576531,-0.0012,0.01143720209576531,0.8617305723508175,0.9646656989372073,186.17305723508176,196.46656989372073
2019-11-15,-0.02512939755519824,0.0009,-0.02512939755519824,0.8366011747956192,0.939536301382009,183.66011747956193,193.9536301382009
2019-11-16,0.006896630747131445,-0.0013,-0.006896630747131445,0.8434978055427507,0.9326396706348776,184.34978055427507,193.26396706348777
2019-11-17,0.003177685309579256,-0.0016,-0.003177685309579256,0.84667549085233,0.9294619853252983,184.667549085233,192.94619853252982
2019-11-18,-0.0318242393681186,-0.0025,0.0318242393681186,0.8148512514842113,0.961286224693417,181.48512514842113,196.1286224693417
2019-11-19,-0.012490374838272521,-0.0018,0.012490374838272521,0.8023608766459388,0.9737765995316895,180.23608766459387,197.37765995316897
2019-11-20,-0.022039071634397726,-0.0002,0.022039071634397726,0.780321805011541,0.9958156711660873,178.0321805011541,199.58156711660874
2019-11-21,-0.049086768075077496,-0.0029,0.049086768075077496,0.7312350369364635,1.0449024392411648,173.12350369364634,204.49024392411647
2019-11-22,-0.04635206468074371,0.002,-0.04635206468074371,0.6848829722557198,0.9985503745604211,168.48829722557198,199.8550374560421
2019-11-23,0.01377681491220036,-0.0006,-0.01377681491220036,0.6986597871679202,0.9847735596482207,169.86597871679203,198.47735596482207
2019-11-24,-0.048450125249268984,-0.0017,0.048450125249268984,0.6502096619186513,1.0332236848974896,165.0209661918651,203.32236848974895
2019-11-25,0.013839370609198147,-0.0039,-0.013839370609198147,0.6640490325278494,1.0193843142882915,166.40490325278495,201.93843142882915
2019-11-26,0.010057835553424935,0.001,0.010057835553424935,0.6741068680812744,1.0294421498417163,167.41068680812745,202.94421498417162
2019-11-27,0.04248662637162327,-0.005,-0.04248662637162327,0.7165934944528977,0.9869555234700931,171.65934944528976,198.6955523470093
2019-11-28,-0.0091442678830662,0.0,-0.0091442678830662,0.7074492265698314,0.9778112555870269,170.74492265698314,197.78112555870268
2019-11-29,0.03917091009698093,-0.0012,-0.03917091009698093,0.7466201366668124,0.9386403454900459,174.66201366668125,193.86403454900457
2019-11-30,-0.024998412135447425,-0.0006,0.024998412135447425,0.721621724531365,0.9636387576254933,172.1621724531365,196.36387576254936
2019-12-01,-0.01938678239209742,-0.0002,0.01938678239209742,0.7022349421392675,0.9830255400175908,170.22349421392676,198.30255400175906
2019-12-02,-0.013875477081820107,0.0015,-0.013875477081820107,0.6883594650574474,0.9691500629357707,168.83594650574474,196.91500629357708
2019-12-03,-0.0002517082600507978,0.0009,-0.0002517082600507978,0.6881077567973966,0.9688983546757198,168.81077567973966,196.88983546757197
2019-12-04,-0.009348132562198797,-0.0022,0.009348132562198797,0.6787596242351978,0.9782464872379186,167.87596242351975,197.82464872379185
2019-12-05,0.02670476772659109,0.0029,0.02670476772659109,0.7054643919617889,1.0049512549645097,170.54643919617888,200.49512549645095
2019-12-06,0.013162839325317172,-0.003,-0.013162839325317172,0.718627231287106,0.9917884156391925,171.8627231287106,199.17884156391926
2019-12-07,0.001223739488351527,0.0008,0.001223739488351527,0.7198509707754576,0.993012155127544,171.98509707754573,199.3012155127544
2019-12-08,0.0010723690710409575,-0.0014,-0.0010723690710409575,0.7209233398464985,0.9919397860565031,172.09233398464985,199.1939786056503
2019-12-09,-0.021844253709957445,0.0017,-0.021844253709957445,0.699079086136541,0.9700955323465457,169.90790861365412,197.00955323465456
2019-12-10,-0.016728999131368768,-0.0022,0.016728999131368768,0.6823500870051723,0.9868245314779144,168.23500870051726,198.68245314779145
2019-12-11,-0.008373983843040991,0.0034,-0.008373983843040991,0.6739761031621313,0.9784505476348734,167.39761031621313,197.84505476348735
2019-12-12,0.003555471623993482,-0.0017,-0.003555471623993482,0.6775315747861248,0.9748950760108799,167.75315747861248,197.48950760108798
2019-12-13,0.0036588788022278336,0.0013,0.0036588788022278336,0.6811904535883526,0.9785539548131077,168.11904535883525,197.85539548131078
2019-12-14,-0.020148956128155603,-0.0014,0.020148956128155603,0.661041497460197,0.9987029109412633,166.10414974601971,199.87029109412632
2019-12-15,0.003870282514714912,-0.0006,-0.003870282514714912,0.6649117799749119,0.9948326284265484,166.49117799749118,199.48326284265482
2019-12-16,-0.03121654790119004,-0.0005,0.03121654790119004,0.6336952320737219,1.0260491763277384,163.3695232073722,202.60491763277386
2019-12-17,-0.04302813984145856,-0.0012,0.04302813984145856,0.5906670922322633,1.0690773161691969,159.06670922322635,206.90773161691968
2019-12-18,0.09150203949595853,0.001,0.09150203949595853,0.6821691317282219,1.1605793556651554,168.2169131728222,216.05793556651554
2019-12-19,-0.010215599776004445,-0.0002,0.010215599776004445,0.6719535319522175,1.1707949554411599,167.19535319522177,217.07949554411599
2019-12-20,0.002215025706772625,-0.0035,-0.002215025706772625,0.6741685576589902,1.1685799297343873,167.41685576589902,216.85799297343874
2019-12-21,-0.0038386949007917295,0.0051,-0.0038386949007917295,0.6703298627581985,1.1647412348335955,167.03298627581984,216.47412348335956
2019-12-22,0.04359469836461149,-0.006,-0.04359469836461149,0.71392456112281,1.121146536468984,171.392456112281,212.11465364689843
2019-12-23,-0.020981218915068267,0.0011,-0.020981218915068267,0.6929433422077418,1.100165317553916,169.29433422077418,210.0165317553916
2019-12-24,-0.004509590525484506,0.0048,-0.004509590525484506,0.6884337516822573,1.0956557270284313,168.84337516822572,209.5655727028431
2019-12-25,-0.006490977390044263,0.0031,-0.006490977390044263,0.6819427742922131,1.089164749638387,168.1942774292213,208.9164749638387
2019-12-26,-0.004986734795303385,-0.0029,0.004986734795303385,0.6769560394969096,1.0941514844336904,167.69560394969096,209.41514844336905
2019-12-27,0.007037180649453919,-0.004,-0.007037180649453919,0.6839932201463635,1.0871143037842363,168.39932201463634,208.71143037842364
2019-12-28,0.003820062811801034,0.0069,0.003820062811801034,0.6878132829581646,1.0909343665960374,168.78132829581648,209.09343665960373
2019-12-29,0.014200785732428896,-0.0014,-0.014200785732428896,0.7020140686905935,1.0767335808636085,170.20140686905933,207.67335808636088
2019-12-30,-0.017622203355194224,0.0008,-0.017622203355194224,0.6843918653353992,1.0591113775084142,168.4391865335399,205.91113775084145
2019-12-31,-0.0137226948105622,-0.0047,0.0137226948105622,0.670669170524837,1.0728340723189764,167.06691705248372,207.28340723189766
2020-01-01,0.0009136166393248094,0.0037,0.0009136166393248094,0.6715827871641618,1.0737476889583013,167.15827871641616,207.3747688958301
2020-01-02,-0.030272928017403795,-0.0001,0.030272928017403795,0.641309859146758,1.1040206169757052,164.1309859146758,210.40206169757053
2020-01-03,0.0501717458908619,0.0005,0.0501717458908619,0.6914816050376199,1.1541923628665671,169.148160503762,215.4192362866567
2020-01-04,0.008915009832746304,0.0,0.008915009832746304,0.7003966148703662,1.1631073726993135,170.03966148703662,216.31073726993134
2020-01-05,8.914399594067596e-05,-0.0035,-8.914399594067596e-05,0.7004857588663068,1.1630182287033728,170.04857588663066,216.30182287033728
2020-01-06,0.04716146717416002,0.0038,0.04716146717416002,0.7476472260404669,1.2101796958775328,174.7647226040467,221.01796958775327
2020-01-07,0.04952688938557359,-0.0024,-0.04952688938557359,0.7971741154260404,1.1606528064919592,179.71741154260403,216.06528064919593
2020-01-08,-0.01032167322190536,-0.0021,0.01032167322190536,0.7868524422041351,1.1709744797138646,178.68524422041352,217.09744797138643
2020-01-09,-0.025164851126218007,0.0045,-0.025164851126218007,0.7616875910779171,1.1458096285876467,176.16875910779171,214.58096285876468
2020-01-10,0.0358370170384725,0.0003,0.0358370170384725,0.7975246081163896,1.1816466456261192,179.75246081163897,218.16466456261193
2020-01-11,-0.015924289861219444,0.0012,-0.015924289861219444,0.7816003182551702,1.1657223557648997,178.16003182551702,216.57223557649
2020-01-12,0.01909561904876313,-0.0002,-0.01909561904876313,0.8006959373039333,1.1466267367161365,180.06959373039334,214.66267367161365
2020-01-13,-0.005913064425361518,0.0058,-0.005913064425361518,0.7947828728785717,1.140713672290775,179.47828728785717,214.07136722907748
2020-01-14,0.08059650632113302,-0.0036,-0.08059650632113302,0.8753793791997048,1.060117165969642,187.53793791997046,206.0117165969642
2020-01-15,-0.0023537487858660256,-0.001,0.0023537487858660256,0.8730256304138387,1.062470914755508,187.30256304138385,206.2470914755508
2020-01-16,-0.009494746282076494,-0.0006,0.009494746282076494,0.8635308841317623,1.0719656610375845,186.35308841317624,207.1965661037584
2020-01-17,0.023255338701146745,0.0039,0.023255338701146745,0.886786222832909,1.0952209997387312,188.67862228329088,209.5220999738731
2020-01-18,0.0015410282968190611,-0.0007,-0.0015410282968190611,0.888327251129728,1.093679971441912,188.8327251129728,209.3679971441912
2020-01-19,-0.026809102565689715,-0.0028,0.026809102565689715,0.8615181485640383,1.120489074007602,186.15181485640383,212.04890740076019
2020-01-20,-0.0055981317990016315,0.0076,-0.0055981317990016315,0.8559200167650367,1.1148909422086002,185.59200167650368,211.48909422086
2020-01-21,0.010141927919910124,-0.0019,-0.010141927919910124,0.8660619446849468,1.10474901428869,186.6061944684947,210.47490142886903
2020-01-22,-0.0074619512157851784,0.0005,-0.0074619512157851784,0.8585999934691616,1.0972870630729048,185.85999934691614,209.72870630729048
2020-01-23,-0.03211536777359346,-0.002,0.03211536777359346,0.8264846256955681,1.1294024308464983,182.6484625695568,212.94024308464984
2020-01-24,0.004618932971292259,0.0027,0.004618932971292259,0.8311035586668604,1.1340213638177905,183.11035586668604,213.4021363817791
2020-01-25,-0.009229306175282366,-0.0021,0.009229306175282366,0.821874252491578,1.143250669993073,182.1874252491578,214.32506699930727
2020-01-26,0.026996838118106985,-0.0018,-0.026996838118106985,0.8488710906096849,1.116253831874966,184.8871090609685,211.62538318749657
2020-01-27,0.03576042500391818,0.0006,0.03576042500391818,0.8846315156136031,1.152014256878884,188.46315156136032,215.2014256878884
2020-01-28,0.04914065671324665,0.0014,0.04914065671324665,0.9337721723268497,1.2011549135921307,193.37721723268498,220.11549135921308
2020-01-29,-0.004493658679402439,-0.0005,0.004493658679402439,0.9292785136474473,1.205648572271533,192.92785136474473,220.56485722715334
2020-01-30,0.020437036891382102,0.0001,0.020437036891382102,0.9497155505388294,1.2260856091629153,194.97155505388295,222.6085609162915
2020-01-31,-0.01680504865600043,0.0003,-0.01680504865600043,0.932910501882829,1.2092805605069148,193.2910501882829,220.92805605069148
2020-02-01,0.004518472138275671,0.0018,0.004518472138275671,0.9374289740211047,1.2137990326451904,193.7428974021105,221.37990326451904
2020-02-02,-0.005177910276656367,0.0033,-0.005177910276656367,0.9322510637444483,1.2086211223685341,193.22510637444483,220.8621122368534
2020-02-03,-0.0054559700779353345,0.0012,-0.0054559700779353345,0.926795093666513,1.2031651522905988,192.6795093666513,220.31651522905992
2020-02-04,-0.01218545356788169,-0.0008,0.01218545356788169,0.9146096400986313,1.2153506058584804,191.46096400986315,221.53506058584807
2020-02-05,0.0460283479389048,0.002,0.0460283479389048,0.9606379880375361,1.2613789537973852,196.0637988037536,226.13789537973852
2020-02-06,0.0120330845262161,-0.0007,-0.0120330845262161,0.9726710725637522,1.249345869271169,197.26710725637523,224.93458692711687
2020-02-07,0.0067748353352202455,0.0018,0.0067748353352202455,0.9794459078989725,1.2561207046063891,197.94459078989726,225.61207046063893
2020-02-08,0.007036859523753814,-0.0004,-0.007036859523753814,0.9864827674227262,1.2490838450826354,198.64827674227263,224.90838450826357
2020-02-09,0.025179720168881613,-0.0004,-0.025179720168881613,1.0116624875916078,1.2239041249137537,201.1662487591608,222.39041249137537
2020-02-10,-0.026042505870282395,-0.0009,0.026042505870282395,0.9856199817213254,1.2499466307840361,198.56199817213255,224.99466307840362
2020-02-11,0.035052446746707704,0.0038,0.035052446746707704,1.020672428468033,1.2849990775307438,202.06724284680328,228.49990775307435
2020-02-12,0.011475405000718067,0.0016,0.011475405000718067,1.032147833468751,1.2964744825314618,203.2147833468751,229.6474482531462
2020-02-13,-0.010873762672248257,-0.0011,0.010873762672248257,1.021274070796503,1.30734824520371,202.12740707965028,230.734824520371
2020-02-14,0.009523015148403813,0.0006,0.009523015148403813,1.0307970859449067,1.3168712603521138,203.07970859449068,231.6871260352114
2020-02-15,-0.041853550373703724,0.003,-0.041853550373703724,0.988943535571203,1.2750177099784101,198.8943535571203,227.50177099784105
2020-02-16,0.00454087851442295,-0.0028,-0.00454087851442295,0.9934844140856259,1.2704768314639872,199.3484414085626,227.0476831463987
2020-02-17,-0.031107513642216922,0.004,-0.031107513642216922,0.9623769004434091,1.2393693178217702,196.2376900443409,223.93693178217703
