Date,Close**,Volume
24-Feb-20,265.22,"22,400,845,640"
23-Feb-20,273.75,"19,585,998,814"
22-Feb-20,262.33,"16,906,032,862"
21-Feb-20,265.6,"20,867,593,292"
20-Feb-20,257.95,"23,229,828,870"
19-Feb-20,259.76,"22,679,414,413"
18-Feb-20,281.94,"26,511,477,187"
17-Feb-20,266.36,"26,024,080,089"
16-Feb-20,259.89,"25,152,366,643"
15-Feb-20,264.73,"23,682,452,994"
14-Feb-20,284.22,"23,558,253,463"
13-Feb-20,268.1,"25,801,317,504"
12-Feb-20,265.41,"24,545,049,386"
11-Feb-20,235.85,"16,964,695,963"
10-Feb-20,223.52,"16,210,008,511"
9-Feb-20,228.58,"15,031,356,241"
8-Feb-20,223.15,"16,741,203,125"
7-Feb-20,222.73,"16,673,443,564"
6-Feb-20,212.34,"16,425,589,683"
5-Feb-20,204.23,"14,865,434,435"
4-Feb-20,189.25,"11,714,191,695"
3-Feb-20,189.87,"12,392,875,241"
2-Feb-20,188.62,"14,054,425,389"
1-Feb-20,183.67,"11,569,697,182"
31-Jan-20,180.16,"11,728,616,394"
30-Jan-20,184.69,"12,604,789,338"
29-Jan-20,175.05,"10,725,267,311"
28-Jan-20,176.37,"11,772,875,064"
27-Jan-20,170.93,"11,004,476,145"
26-Jan-20,168.08,"9,261,861,590"
25-Jan-20,161.28,"8,256,956,802"
24-Jan-20,163.05,"10,657,671,162"
23-Jan-20,162.93,"10,396,868,698"
22-Jan-20,168.29,"9,209,827,928"
21-Jan-20,169.7,"9,789,369,362"
20-Jan-20,167.12,"11,144,529,787"
19-Jan-20,166.97,"13,713,374,132"
18-Jan-20,175.37,"14,929,342,256"
17-Jan-20,170.78,"14,997,091,826"
16-Jan-20,164.39,"13,735,193,018"
15-Jan-20,166.23,"15,173,694,057"
14-Jan-20,165.96,"16,712,318,373"
13-Jan-20,144.23,"8,378,529,470"
12-Jan-20,145.87,"8,528,167,453"
11-Jan-20,142.93,"9,332,208,590"
10-Jan-20,143.96,"9,084,816,203"
9-Jan-20,138.98,"7,697,325,348"
8-Jan-20,141.26,"9,387,194,957"
7-Jan-20,143.54,"9,257,954,672"
6-Jan-20,144.3,"9,093,747,121"
5-Jan-20,136.28,"7,526,675,353"
4-Jan-20,135.07,"7,430,904,515"
3-Jan-20,134.17,"10,476,845,358"
2-Jan-20,127.41,"8,032,709,256"
1-Jan-20,130.8,"7,935,230,330"
31-Dec-19,129.61,"8,936,866,397"
30-Dec-19,132.63,"9,796,951,716"
29-Dec-19,134.76,"9,708,776,786"
28-Dec-19,128.32,"8,069,298,610"
27-Dec-19,127.21,"8,299,390,176"
26-Dec-19,126.36,"8,600,871,980"
25-Dec-19,126.45,"8,418,019,054"
24-Dec-19,129.06,"7,961,819,689"
23-Dec-19,128.61,"9,622,497,693"
22-Dec-19,132.37,"9,121,058,481"
21-Dec-19,128.13,"7,449,064,703"
20-Dec-19,129.07,"8,173,594,150"
19-Dec-19,129.32,"9,564,699,140"
18-Dec-19,133.09,"11,864,518,321"
17-Dec-19,122.6,"9,057,166,141"
16-Dec-19,133.61,"8,992,282,119"
15-Dec-19,143.11,"7,235,153,411"
14-Dec-19,142.87,"7,048,066,973"
13-Dec-19,144.94,"7,264,810,247"
12-Dec-19,145.6,"7,890,383,413"
11-Dec-19,143.61,"7,037,180,049"
10-Dec-19,146.27,"6,859,512,025"
9-Dec-19,148.23,"6,744,206,747"
8-Dec-19,151.26,"6,441,727,252"
7-Dec-19,148.77,"5,911,233,284"
6-Dec-19,149.19,"6,458,766,441"
5-Dec-19,149.25,"6,745,910,228"
4-Dec-19,146.75,"7,865,937,094"
3-Dec-19,147.96,"6,204,379,850"
2-Dec-19,149.06,"6,670,561,362"
1-Dec-19,151.19,"7,102,780,298"
30-Nov-19,152.54,"6,565,950,868"
29-Nov-19,155.3,"7,503,898,278"
28-Nov-19,151.72,"7,346,531,960"
27-Nov-19,153.01,"8,778,095,308"
26-Nov-19,148.97,"7,648,516,297"
25-Nov-19,146.48,"10,962,753,356"
24-Nov-19,142.83,"7,782,769,098"
23-Nov-19,153.42,"8,289,198,330"
22-Nov-19,150.27,"12,020,749,863"
21-Nov-19,161.46,"8,546,371,325"
20-Nov-19,175.7,"7,205,785,149"
19-Nov-19,177.46,"7,536,699,743"
18-Nov-19,180.56,"7,787,662,111"
17-Nov-19,185.12,"7,364,325,471"
16-Nov-19,183.35,"6,789,888,120"
15-Nov-19,180.52,"8,815,678,477"
14-Nov-19,186,"7,872,664,470"
13-Nov-19,188.26,"7,343,173,596"
12-Nov-19,186.84,"7,792,186,666"
11-Nov-19,185.49,"7,877,424,106"
10-Nov-19,189.48,"8,752,784,211"
9-Nov-19,185.03,"7,277,418,704"
8-Nov-19,184.21,"9,176,780,911"
7-Nov-19,187.98,"9,081,247,799"
6-Nov-19,191.59,"10,156,458,684"
5-Nov-19,189.3,"10,024,177,342"
4-Nov-19,186.36,"10,551,917,945"
3-Nov-19,182.43,"8,760,247,744"
2-Nov-19,183.93,"8,087,991,830"
1-Nov-19,183.97,"9,145,611,130"
31-Oct-19,183.97,"9,607,939,606"
30-Oct-19,184.69,"10,484,902,804"
29-Oct-19,190.34,"10,622,761,958"
28-Oct-19,182.66,"10,406,734,124"
27-Oct-19,184.24,"10,815,941,952"
26-Oct-19,179.84,"13,831,784,986"
25-Oct-19,181.52,"10,358,594,018"
24-Oct-19,162.17,"7,300,917,537"
23-Oct-19,162.4,"9,624,925,919"
22-Oct-19,172.3,"6,990,951,966"
21-Oct-19,174.92,"6,815,820,627"
20-Oct-19,175.53,"6,801,091,120"
19-Oct-19,172.91,"6,551,453,871"
18-Oct-19,173.62,"7,566,257,807"
17-Oct-19,178.03,"6,737,237,423"
16-Oct-19,176.01,"7,691,244,590"
15-Oct-19,181.41,"7,731,456,579"
14-Oct-19,186.96,"7,276,520,699"
13-Oct-19,182.08,"6,733,182,273"
12-Oct-19,180.83,"7,494,328,840"
11-Oct-19,182.57,"9,128,522,970"
10-Oct-19,191.66,"8,375,913,276"
9-Oct-19,193.29,"9,088,122,101"
8-Oct-19,182.02,"7,466,282,780"
7-Oct-19,181.19,"7,844,316,834"
6-Oct-19,173.06,"5,852,890,674"
5-Oct-19,176.35,"5,837,211,771"
4-Oct-19,176.99,"6,248,928,449"
3-Oct-19,175.2,"6,381,403,725"
2-Oct-19,180.71,"6,335,595,250"
1-Oct-19,177.34,"7,676,276,225"
30-Sep-19,179.87,"7,552,915,148"
29-Sep-19,170.5,"6,497,088,199"
28-Sep-19,174.57,"6,895,423,445"
27-Sep-19,174.71,"7,909,313,625"
26-Sep-19,166.73,"7,848,286,154"
25-Sep-19,170.89,"9,766,632,018"
24-Sep-19,168.11,"11,757,739,233"
23-Sep-19,201.92,"7,494,673,136"
22-Sep-19,211.55,"7,812,854,576"
21-Sep-19,215.52,"7,743,309,778"
20-Sep-19,218.05,"8,027,974,273"
19-Sep-19,221.28,"10,620,070,913"
18-Sep-19,211.39,"9,194,634,557"
17-Sep-19,208.61,"10,232,590,812"
16-Sep-19,197.11,"8,242,029,488"
15-Sep-19,189.79,"6,222,874,780"
14-Sep-19,188.11,"6,500,686,511"
13-Sep-19,181.11,"5,955,041,237"
12-Sep-19,181.02,"5,838,605,477"
11-Sep-19,178.73,"7,157,139,035"
10-Sep-19,179.79,"6,291,476,772"
9-Sep-19,181.15,"7,232,938,985"
8-Sep-19,181.36,"6,472,677,266"
7-Sep-19,178.26,"6,791,531,342"
6-Sep-19,169.96,"6,797,611,878"
5-Sep-19,174.22,"5,589,476,516"
4-Sep-19,175.99,"5,938,120,494"
3-Sep-19,179.5,"6,962,728,938"
2-Sep-19,178.35,"6,503,447,137"
1-Sep-19,171.63,"5,554,799,576"
31-Aug-19,172.47,"5,830,212,249"
30-Aug-19,168.83,"5,776,520,220"
29-Aug-19,169.52,"7,129,569,083"
28-Aug-19,173.89,"6,696,604,087"
27-Aug-19,187.52,"6,042,327,402"
26-Aug-19,188.93,"7,207,986,636"
25-Aug-19,186.84,"5,826,017,143"
24-Aug-19,191.29,"6,249,737,982"
23-Aug-19,194.71,"6,658,162,377"
22-Aug-19,191.33,"7,569,043,874"
21-Aug-19,186.89,"7,775,772,700"
20-Aug-19,196.57,"6,408,417,610"
19-Aug-19,203.09,"6,145,148,692"
18-Aug-19,194.49,"5,969,012,024"
17-Aug-19,185.69,"5,512,696,513"
16-Aug-19,185.44,"7,133,915,837"
15-Aug-19,188.5,"8,197,244,441"
14-Aug-19,186.61,"7,444,456,154"
13-Aug-19,208.71,"5,946,313,205"
12-Aug-19,211.29,"5,674,315,559"
11-Aug-19,216.09,"6,440,605,605"
10-Aug-19,206.73,"6,584,748,527"
9-Aug-19,210.49,"6,964,818,795"
8-Aug-19,220.94,"6,713,525,644"
7-Aug-19,226.39,"7,020,342,210"
6-Aug-19,226.02,"7,647,742,672"
5-Aug-19,234.22,"7,765,060,287"
4-Aug-19,222.67,"5,238,542,572"
3-Aug-19,222.49,"5,697,798,687"
2-Aug-19,217.87,"6,159,440,229"
1-Aug-19,217.81,"5,965,442,642"
31-Jul-19,218.65,"6,003,828,340"
30-Jul-19,210.52,"5,489,918,859"
29-Jul-19,211.27,"5,485,190,664"
28-Jul-19,211.19,"5,504,887,934"
27-Jul-19,207.41,"6,257,703,908"
26-Jul-19,219.63,"5,729,852,178"
25-Jul-19,219.62,"6,731,281,160"
24-Jul-19,217.05,"7,168,982,843"
23-Jul-19,212.73,"6,976,091,534"
22-Jul-19,217.56,"6,338,843,919"
21-Jul-19,225.63,"6,685,082,868"
20-Jul-19,229.12,"7,976,245,988"
19-Jul-19,221.33,"7,606,433,131"
18-Jul-19,226.57,"9,327,816,059"
17-Jul-19,211.48,"9,387,747,640"
16-Jul-19,199.19,"9,036,620,494"
15-Jul-19,229.78,"9,723,674,244"
14-Jul-19,227.58,"8,578,339,386"
13-Jul-19,269.46,"6,716,829,429"
12-Jul-19,276.28,"8,148,936,015"
11-Jul-19,268.7,"10,216,287,022"
10-Jul-19,290,"11,679,985,167"
9-Jul-19,308.88,"10,055,159,803"
8-Jul-19,313.25,"9,078,905,628"
7-Jul-19,305.7,"8,119,724,981"
6-Jul-19,287.55,"7,674,615,025"
5-Jul-19,288,"8,723,493,015"
4-Jul-19,284.52,"8,403,513,106"
3-Jul-19,303.1,"9,926,711,979"
2-Jul-19,291.6,"10,618,413,952"
1-Jul-19,293.64,"10,292,223,948"
30-Jun-19,290.7,"10,303,111,000"
29-Jun-19,320.06,"10,929,374,565"
28-Jun-19,311.23,"11,514,656,820"
27-Jun-19,294.27,"14,038,092,503"
26-Jun-19,336.75,"16,437,084,081"
25-Jun-19,318.13,"9,641,764,965"
24-Jun-19,310.42,"8,205,712,062"
23-Jun-19,307.83,"8,161,062,380"
22-Jun-19,309.38,"10,613,731,255"
21-Jun-19,294.91,"9,331,694,140"
20-Jun-19,271.7,"6,408,981,097"
19-Jun-19,269.43,"5,516,510,947"
18-Jun-19,265.05,"6,205,242,504"
17-Jun-19,274.35,"6,009,795,781"
16-Jun-19,269.22,"9,676,746,453"
15-Jun-19,269.02,"8,126,853,944"
14-Jun-19,264.09,"8,676,891,267"
13-Jun-19,256.17,"8,442,077,836"
12-Jun-19,260.9,"8,645,598,618"
11-Jun-19,245.78,"7,382,269,700"
10-Jun-19,247.52,"8,141,159,848"
9-Jun-19,233.09,"7,566,421,456"
8-Jun-19,245.74,"7,225,996,863"
7-Jun-19,250.93,"8,379,534,528"
6-Jun-19,249.47,"8,265,146,806"
5-Jun-19,247.05,"8,548,917,062"
4-Jun-19,241.34,"10,132,549,747"
3-Jun-19,252.61,"9,375,712,917"
2-Jun-19,270.23,"8,744,111,713"
1-Jun-19,265.39,"9,942,869,852"
31-May-19,268.11,"11,255,023,515"
30-May-19,255.86,"13,604,268,584"
29-May-19,269.46,"9,819,132,174"
28-May-19,271.77,"10,362,846,898"
27-May-19,272.86,"12,074,664,736"
26-May-19,267.07,"9,664,267,731"
25-May-19,251.76,"8,924,985,385"
24-May-19,249.48,"9,929,433,206"
23-May-19,245.97,"10,671,663,487"
22-May-19,244.7,"9,818,257,463"
21-May-19,255.22,"11,545,049,593"
20-May-19,251.86,"10,834,541,285"
19-May-19,261.29,"12,049,250,894"
18-May-19,234.6,"10,933,142,646"
17-May-19,243.76,"16,037,551,694"
16-May-19,264.01,"18,661,465,873"
15-May-19,247.15,"13,460,006,534"
14-May-19,217.15,"12,751,049,755"
13-May-19,196.85,"10,367,149,039"
12-May-19,187.33,"10,326,050,090"
11-May-19,194.3,"12,578,331,654"
10-May-19,173.14,"8,036,919,053"
9-May-19,170.29,"6,546,914,198"
8-May-19,170.95,"6,416,569,598"
7-May-19,169.8,"8,411,140,170"
6-May-19,172.65,"7,540,096,853"
5-May-19,163.45,"5,938,415,562"
4-May-19,164.03,"6,658,100,049"
3-May-19,167.95,"7,299,410,672"
2-May-19,162.12,"6,044,171,062"
1-May-19,160.82,"5,789,172,433"
30-Apr-19,162.17,"6,275,803,460"
29-Apr-19,155.2,"6,053,776,253"
28-Apr-19,157.3,"5,379,894,433"
27-Apr-19,158.43,"5,863,109,118"
26-Apr-19,156.35,"7,505,283,355"
25-Apr-19,154.46,"6,820,332,362"
24-Apr-19,165.83,"7,351,304,156"
23-Apr-19,171.45,"7,097,827,092"
22-Apr-19,171.87,"6,094,878,077"
21-Apr-19,170.05,"6,005,571,688"
20-Apr-19,173.75,"6,142,567,812"
19-Apr-19,173.71,"6,541,053,061"
18-Apr-19,173.81,"6,971,581,464"
17-Apr-19,166.95,"5,596,102,715"
16-Apr-19,167.62,"5,180,105,341"
15-Apr-19,161.57,"5,672,311,824"
14-Apr-19,167.84,"4,846,298,303"
13-Apr-19,164.51,"4,959,301,561"
12-Apr-19,164.74,"6,237,185,309"
11-Apr-19,165.5,"7,859,383,417"
10-Apr-19,177.34,"7,856,924,879"
9-Apr-19,176.11,"7,632,529,578"
8-Apr-19,180.26,"9,304,964,610"
7-Apr-19,174.53,"7,596,176,020"
6-Apr-19,165.95,"7,167,016,221"
5-Apr-19,165.51,"7,531,316,908"
4-Apr-19,158.05,"7,953,123,529"
3-Apr-19,161.46,"10,622,456,246"
2-Apr-19,163.96,"9,826,645,698"
1-Apr-19,141.83,"4,611,999,536"
31-Mar-19,141.51,"4,249,050,197"
30-Mar-19,142.09,"5,144,662,127"
29-Mar-19,142.5,"5,125,602,702"
28-Mar-19,139.42,"4,163,212,475"
27-Mar-19,140.99,"5,228,240,093"
26-Mar-19,135.46,"4,499,271,679"
25-Mar-19,135.03,"4,480,516,753"
24-Mar-19,136.99,"4,266,845,458"
23-Mar-19,138.24,"4,436,568,613"
22-Mar-19,137.18,"4,490,899,266"
21-Mar-19,136.64,"5,087,247,796"
20-Mar-19,140.69,"4,664,134,462"
19-Mar-19,140.52,"4,251,488,129"
18-Mar-19,139.37,"4,551,739,879"
17-Mar-19,140,"3,827,157,729"
16-Mar-19,142.4,"4,839,003,569"
15-Mar-19,137.69,"4,506,861,856"
14-Mar-19,133.71,"4,476,532,147"
13-Mar-19,133.26,"4,265,162,099"
12-Mar-19,134.44,"4,709,988,000"
11-Mar-19,133.83,"4,689,807,419"
10-Mar-19,136.76,"4,578,438,499"
9-Mar-19,137.97,"5,011,918,715"
8-Mar-19,135.13,"4,678,816,794"
7-Mar-19,138.03,"4,339,206,292"
6-Mar-19,138.79,"4,589,054,219"
5-Mar-19,137.82,"4,764,849,990"
4-Mar-19,127.77,"4,008,171,341"
3-Mar-19,132.25,"3,454,374,053"
2-Mar-19,134.21,"3,747,176,425"
1-Mar-19,136.44,"3,756,124,824"
28-Feb-19,136.75,"4,535,438,953"
27-Feb-19,136.13,"4,469,776,860"
26-Feb-19,138.09,"3,791,292,839"
25-Feb-19,139.82,"4,914,392,068"
24-Feb-19,135.85,"5,957,715,043"
23-Feb-19,158.8,"4,519,468,458"
22-Feb-19,149.09,"3,731,099,284"
21-Feb-19,146.13,"3,995,766,856"
20-Feb-19,149.55,"4,500,094,965"
19-Feb-19,145.35,"5,310,842,625"
18-Feb-19,146.1,"5,387,525,773"
17-Feb-19,133.6,"4,236,081,130"
16-Feb-19,123.26,"2,905,833,287"
15-Feb-19,122.1,"3,021,741,615"
14-Feb-19,121.39,"3,331,701,628"
13-Feb-19,122.55,"3,386,585,799"
12-Feb-19,122.57,"3,149,576,429"
11-Feb-19,121.3,"3,222,473,887"
10-Feb-19,124.81,"3,148,766,590"
9-Feb-19,119.43,"2,884,650,400"
8-Feb-19,119.27,"3,656,841,347"
7-Feb-19,104.54,"2,326,764,622"
6-Feb-19,104.92,"2,593,048,199"
5-Feb-19,107.44,"2,515,863,999"
4-Feb-19,107.82,"2,491,888,675"
3-Feb-19,107.49,"2,519,334,757"
2-Feb-19,110.43,"2,385,157,838"
1-Feb-19,107.61,"2,541,271,519"
31-Jan-19,107.06,"2,828,796,031"
30-Jan-19,108.91,"2,874,370,355"
29-Jan-19,105.6,"2,900,418,606"
28-Jan-19,106.59,"3,366,895,505"
27-Jan-19,113.41,"2,775,888,287"
26-Jan-19,116.49,"2,412,181,169"
25-Jan-19,116.38,"2,606,881,898"
24-Jan-19,117.36,"2,520,843,420"
23-Jan-19,117.45,"2,556,952,198"
22-Jan-19,118.75,"2,552,507,405"
21-Jan-19,117.16,"2,421,720,343"
20-Jan-19,119.47,"2,964,108,269"
19-Jan-19,124.52,"3,048,261,797"
18-Jan-19,121.01,"2,305,389,800"
17-Jan-19,123.74,"2,594,091,285"
16-Jan-19,123.55,"2,746,469,340"
15-Jan-19,122.03,"2,735,449,164"
14-Jan-19,129.07,"2,798,085,735"
13-Jan-19,116.9,"2,268,263,944"
12-Jan-19,125.97,"2,212,109,224"
11-Jan-19,127.55,"2,667,585,234"
10-Jan-19,128.63,"3,397,734,456"
9-Jan-19,150.8,"2,369,241,197"
8-Jan-19,150.36,"2,459,808,140"
7-Jan-19,151.7,"2,712,108,388"
6-Jan-19,157.75,"3,231,294,371"
5-Jan-19,155.64,"3,338,211,928"
4-Jan-19,154.58,"3,126,192,535"
3-Jan-19,149.14,"2,676,164,880"
2-Jan-19,155.05,"3,328,240,369"
1-Jan-19,140.82,"2,258,709,868"
31-Dec-18,133.37,"2,358,360,234"
30-Dec-18,139.86,"2,660,086,834"
29-Dec-18,138.02,"3,169,029,972"
28-Dec-18,137.65,"3,130,201,009"
27-Dec-18,116.58,"2,612,804,378"
26-Dec-18,131.87,"2,720,469,126"
25-Dec-18,129.84,"3,298,280,609"
24-Dec-18,140.24,"4,370,343,387"
23-Dec-18,130.77,"3,579,715,061"
22-Dec-18,116.76,"2,338,772,939"
21-Dec-18,109.5,"2,632,539,990"
20-Dec-18,116.22,"3,063,842,618"
19-Dec-18,101.27,"2,456,482,115"
18-Dec-18,101.11,"2,277,514,076"
17-Dec-18,95.13,"2,101,453,024"
16-Dec-18,85.26,"1,565,817,037"
15-Dec-18,84.44,"1,496,176,898"
14-Dec-18,84.31,"1,651,491,877"
13-Dec-18,86.54,"1,754,475,622"
12-Dec-18,90.59,"1,533,050,103"
11-Dec-18,88.95,"1,707,497,898"
10-Dec-18,91.69,"1,756,437,577"
9-Dec-18,95.14,"1,875,567,180"
8-Dec-18,92.16,"1,855,759,401"
7-Dec-18,93.29,"2,554,304,530"
6-Dec-18,91.76,"2,310,716,932"
5-Dec-18,102.48,"1,990,157,607"
4-Dec-18,110.21,"1,748,116,495"
3-Dec-18,108.93,"1,772,756,193"
2-Dec-18,116.39,"1,856,199,149"
1-Dec-18,118.64,"2,131,475,768"
30-Nov-18,113.17,"2,020,748,396"
29-Nov-18,117.54,"2,196,099,151"
28-Nov-18,122.44,"2,673,470,000"
27-Nov-18,110.01,"2,320,010,000"
26-Nov-18,108.34,"2,139,490,000"
25-Nov-18,116.45,"2,466,750,000"
24-Nov-18,113.49,"1,800,960,000"
23-Nov-18,123.3,"1,998,010,000"
22-Nov-18,126.71,"1,792,150,000"
21-Nov-18,136.7,"2,685,930,000"
20-Nov-18,130.34,"3,134,410,000"
19-Nov-18,149.18,"2,745,160,000"
18-Nov-18,177.07,"1,810,920,000"
17-Nov-18,174,"1,832,800,000"
16-Nov-18,175.18,"2,015,330,000"
15-Nov-18,180.81,"2,638,410,000"
14-Nov-18,181.4,"2,595,330,000"
13-Nov-18,206.83,"1,610,260,000"
12-Nov-18,210.42,"1,452,380,000"
11-Nov-18,211.34,"1,501,600,000"
10-Nov-18,212.53,"1,377,760,000"
9-Nov-18,210.07,"1,554,750,000"
8-Nov-18,212.23,"1,769,080,000"
7-Nov-18,217.18,"1,927,830,000"
6-Nov-18,218.45,"1,856,940,000"
5-Nov-18,209.09,"1,613,510,000"
4-Nov-18,207.49,"1,749,300,000"
3-Nov-18,200.19,"1,307,150,000"
2-Nov-18,200.64,"1,451,870,000"
1-Nov-18,198.87,"1,336,700,000"
31-Oct-18,197.38,"1,442,380,000"
30-Oct-18,197.56,"1,363,500,000"
29-Oct-18,197.25,"1,517,230,000"
28-Oct-18,205.37,"1,139,140,000"
27-Oct-18,204.21,"1,084,810,000"
26-Oct-18,203.33,"1,161,310,000"
25-Oct-18,202.72,"1,102,900,000"
24-Oct-18,203.85,"1,102,220,000"
23-Oct-18,204.34,"1,237,490,000"
22-Oct-18,204.04,"1,328,980,000"
21-Oct-18,205.14,"1,190,300,000"
20-Oct-18,205.43,"1,238,780,000"
19-Oct-18,203.73,"1,264,480,000"
18-Oct-18,203.35,"1,365,860,000"
17-Oct-18,207.08,"1,444,130,000"
16-Oct-18,210.12,"1,532,280,000"
15-Oct-18,209.7,"2,865,830,000"
14-Oct-18,195.72,"1,169,260,000"
13-Oct-18,199.84,"1,167,610,000"
12-Oct-18,196.73,"1,487,900,000"
11-Oct-18,189.5,"2,167,620,000"
10-Oct-18,225.77,"1,384,040,000"
9-Oct-18,227.98,"1,405,130,000"
8-Oct-18,229.26,"1,470,740,000"
7-Oct-18,226.12,"1,470,480,000"
6-Oct-18,225.12,"1,505,070,000"
5-Oct-18,227.6,"1,547,330,000"
4-Oct-18,222.22,"1,479,500,000"
3-Oct-18,220.49,"1,683,930,000"
2-Oct-18,227.18,"1,542,080,000"
1-Oct-18,230.77,"1,597,500,000"
30-Sep-18,232.85,"1,765,560,000"
29-Sep-18,231.64,"2,208,720,000"
28-Sep-18,222.4,"2,018,120,000"
27-Sep-18,228.49,"2,030,320,000"
26-Sep-18,215.85,"1,756,100,000"
25-Sep-18,218.51,"2,120,360,000"
24-Sep-18,228.73,"1,748,740,000"
23-Sep-18,244.33,"1,693,470,000"
22-Sep-18,240.48,"1,921,820,000"
21-Sep-18,246.58,"2,836,200,000"
20-Sep-18,224.59,"1,782,070,000"
19-Sep-18,209.97,"1,733,330,000"
18-Sep-18,209.98,"1,800,640,000"
17-Sep-18,197.88,"2,019,910,000"
16-Sep-18,220.59,"1,502,260,000"
15-Sep-18,223.07,"1,670,490,000"
14-Sep-18,211.75,"2,232,190,000"
13-Sep-18,211.35,"2,330,720,000"
12-Sep-18,183.33,"1,874,850,000"
11-Sep-18,185.07,"1,568,900,000"
10-Sep-18,197.08,"1,502,960,000"
9-Sep-18,196.92,"1,585,980,000"
8-Sep-18,197.95,"1,517,200,000"
7-Sep-18,217.2,"1,678,260,000"
6-Sep-18,230.22,"2,097,310,000"
5-Sep-18,232.33,"2,390,390,000"
4-Sep-18,285.72,"1,554,870,000"
3-Sep-18,289.26,"1,394,490,000"
2-Sep-18,294.37,"1,321,050,000"
1-Sep-18,295.34,"1,546,630,000"
31-Aug-18,283,"1,411,910,000"
30-Aug-18,284.11,"1,513,100,000"
29-Aug-18,289.31,"1,474,460,000"
28-Aug-18,296.5,"1,513,350,000"
27-Aug-18,285.6,"1,406,790,000"
26-Aug-18,275.2,"1,206,650,000"
25-Aug-18,279.65,"1,208,360,000"
24-Aug-18,282.97,"1,450,170,000"
23-Aug-18,277.1,"1,271,160,000"
22-Aug-18,271.34,"1,507,660,000"
21-Aug-18,281.94,"1,164,120,000"
20-Aug-18,274.32,"1,413,790,000"
19-Aug-18,300.83,"1,447,910,000"
18-Aug-18,295.81,"1,764,020,000"
17-Aug-18,315.73,"1,995,460,000"
16-Aug-18,288.05,"1,552,970,000"
15-Aug-18,282.36,"1,878,150,000"
14-Aug-18,278.93,"2,137,850,000"
13-Aug-18,286.5,"1,751,190,000"
12-Aug-18,319.57,"1,625,420,000"
11-Aug-18,322.11,"1,790,370,000"
10-Aug-18,334.18,"1,699,400,000"
9-Aug-18,365.59,"1,616,610,000"
8-Aug-18,356.61,"2,016,080,000"
7-Aug-18,380.22,"1,828,350,000"
6-Aug-18,406.66,"1,384,880,000"
5-Aug-18,410.52,"1,396,820,000"
4-Aug-18,407.25,"1,466,540,000"
3-Aug-18,418.26,"1,722,340,000"
2-Aug-18,412.62,"1,569,300,000"
1-Aug-18,420.75,"1,888,060,000"
31-Jul-18,433.87,"1,820,680,000"
30-Jul-18,457.08,"2,141,590,000"
29-Jul-18,466.67,"1,631,910,016"
28-Jul-18,466.9,"1,531,890,048"
27-Jul-18,469.67,"1,734,259,968"
26-Jul-18,464.04,"1,621,560,064"
25-Jul-18,472.49,"1,930,780,032"
24-Jul-18,479.37,"2,287,520,000"
23-Jul-18,450.85,"1,596,999,936"
22-Jul-18,459.66,"1,338,589,952"
21-Jul-18,462.44,"1,504,310,016"
20-Jul-18,450.7,"1,821,350,016"
19-Jul-18,469.62,"2,068,739,968"
18-Jul-18,480.51,"2,371,559,936"
17-Jul-18,501,"2,288,100,096"
16-Jul-18,480.66,"1,858,680,064"
15-Jul-18,449.85,"1,350,160,000"
14-Jul-18,436.09,"1,235,820,032"
13-Jul-18,434.03,"1,489,670,016"
12-Jul-18,430.07,"1,495,440,000"
11-Jul-18,446.52,"1,422,470,016"
10-Jul-18,434.42,"1,789,069,952"
9-Jul-18,476.68,"1,533,799,936"
8-Jul-18,489.12,"1,344,560,000"
7-Jul-18,491.66,"1,358,360,064"
6-Jul-18,474.01,"1,627,609,984"
5-Jul-18,474.41,"1,828,610,048"
4-Jul-18,467.32,"1,549,769,984"
3-Jul-18,464.2,"1,683,939,968"
2-Jul-18,475.35,"1,625,789,952"
1-Jul-18,453.92,"1,511,730,048"
30-Jun-18,455.18,"1,475,939,968"
29-Jun-18,436.01,"1,564,499,968"
28-Jun-18,422.36,"1,360,790,016"
27-Jun-18,442.36,"1,368,940,032"
26-Jun-18,432.77,"1,356,560,000"
25-Jun-18,460.31,"4,007,950,080"
24-Jun-18,457.67,"2,490,579,968"
23-Jun-18,474.52,"1,651,379,968"
22-Jun-18,465.82,"2,226,030,080"
21-Jun-18,527.37,"1,462,070,016"
20-Jun-18,536.27,"1,596,290,048"
19-Jun-18,537.96,"1,726,569,984"
18-Jun-18,518.89,"1,513,869,952"
17-Jun-18,500.45,"1,264,870,016"
16-Jun-18,499.64,"1,314,109,952"
15-Jun-18,491,"1,808,269,952"
14-Jun-18,519.74,"2,458,650,112"
13-Jun-18,477.49,"2,080,130,048"
12-Jun-18,496.84,"1,932,760,064"
11-Jun-18,533.28,"1,982,119,936"
10-Jun-18,526.48,"2,234,880,000"
9-Jun-18,597.56,"1,519,309,952"
8-Jun-18,601.08,"1,637,779,968"
7-Jun-18,605.19,"1,880,140,032"
6-Jun-18,607.12,"1,756,530,048"
5-Jun-18,609.3,"1,844,269,952"
4-Jun-18,592.98,"1,903,430,016"
3-Jun-18,618.33,"1,832,550,016"
2-Jun-18,591.81,"1,880,390,016"
1-Jun-18,580.04,"1,945,890,048"
31-May-18,577.65,"1,985,040,000"
30-May-18,559.59,"2,053,970,048"
29-May-18,565.39,"2,330,820,096"
28-May-18,516.04,"2,356,900,096"
27-May-18,572.67,"1,788,790,016"
26-May-18,587.28,"1,694,300,032"
25-May-18,586.73,"2,110,919,936"
24-May-18,601.76,"2,791,099,904"
23-May-18,583.59,"2,995,429,888"
22-May-18,647.74,"2,230,469,888"
21-May-18,699.22,"2,005,170,048"
20-May-18,715.37,"2,156,910,080"
19-May-18,696.53,"2,021,549,952"
18-May-18,694.37,"2,305,740,032"
17-May-18,672.66,"2,350,619,904"
16-May-18,707.05,"2,476,130,048"
15-May-18,708.87,"2,523,069,952"
14-May-18,730.55,"3,005,110,016"
13-May-18,733.5,"2,362,500,096"
12-May-18,686.05,"2,668,480,000"
11-May-18,679.59,"3,290,080,000"
10-May-18,727.28,"2,748,950,016"
9-May-18,752.28,"2,877,870,080"
8-May-18,752.86,"2,920,489,984"
7-May-18,753.72,"4,316,120,064"
6-May-18,792.31,"3,105,570,048"
5-May-18,816.12,"3,035,040,000"
4-May-18,785.62,"3,533,410,048"
3-May-18,779.54,"4,210,939,904"
2-May-18,687.15,"2,822,269,952"
1-May-18,673.61,"2,678,960,128"
30-Apr-18,669.92,"2,853,100,032"
29-Apr-18,688.88,"2,740,559,872"
28-Apr-18,683.68,"2,496,659,968"
27-Apr-18,647.03,"2,598,129,920"
26-Apr-18,662.81,"2,984,009,984"
25-Apr-18,615.42,"4,216,140,032"
24-Apr-18,708.16,"3,581,860,096"
23-Apr-18,642.55,"2,386,830,080"
22-Apr-18,621.86,"2,426,269,952"
21-Apr-18,605.4,"2,612,460,032"
20-Apr-18,615.72,"2,849,469,952"
19-Apr-18,567.89,"2,256,869,888"
18-Apr-18,524.79,"1,762,940,032"
17-Apr-18,502.89,"1,760,359,936"
16-Apr-18,511.15,"1,758,979,968"
15-Apr-18,531.7,"1,726,089,984"
14-Apr-18,501.48,"1,519,079,936"
13-Apr-18,492.73,"2,419,249,920"
12-Apr-18,492.94,"2,519,360,000"
11-Apr-18,430.54,"1,439,040,000"
10-Apr-18,414.24,"1,196,000,000"
9-Apr-18,398.53,"1,478,390,016"
8-Apr-18,400.51,"948,488,000"
7-Apr-18,385.31,"951,475,008"
6-Apr-18,370.29,"967,105,984"
5-Apr-18,383.23,"1,210,680,064"
4-Apr-18,380.54,"1,287,730,048"
3-Apr-18,416.89,"1,363,399,936"
2-Apr-18,386.42,"1,102,259,968"
1-Apr-18,379.61,"1,256,930,048"
31-Mar-18,396.46,"1,323,920,000"
30-Mar-18,394.64,"1,878,130,048"
29-Mar-18,385.97,"1,970,230,016"
28-Mar-18,446.28,"1,514,179,968"
27-Mar-18,450.12,"1,617,939,968"
26-Mar-18,489.95,"1,638,880,000"
25-Mar-18,524.29,"1,151,170,048"
24-Mar-18,526.44,"1,300,009,984"
23-Mar-18,539.62,"1,596,349,952"
22-Mar-18,539.7,"1,523,459,968"
21-Mar-18,561.73,"1,781,270,016"
20-Mar-18,557.17,"1,833,680,000"
19-Mar-18,556.73,"2,046,790,016"
18-Mar-18,538.64,"2,685,499,904"
17-Mar-18,552.78,"1,267,810,048"
16-Mar-18,601.67,"1,417,350,016"
15-Mar-18,611.3,"1,770,460,032"
14-Mar-18,614.29,"1,810,560,000"
13-Mar-18,690.83,"1,425,959,936"
12-Mar-18,699.83,"1,764,999,936"
11-Mar-18,723.34,"1,562,680,064"
10-Mar-18,686.89,"1,532,960,000"
9-Mar-18,728.92,"2,233,019,904"
8-Mar-18,704.6,"1,891,640,064"
7-Mar-18,752.83,"2,175,419,904"
6-Mar-18,816.95,"1,943,069,952"
5-Mar-18,853.68,"1,898,489,984"
4-Mar-18,866.68,"1,697,939,968"
3-Mar-18,857.22,"1,699,369,984"
2-Mar-18,856.85,"1,894,419,968"
1-Mar-18,872.2,"1,868,519,936"
28-Feb-18,855.2,"1,963,980,032"
27-Feb-18,878.27,"2,053,980,032"
26-Feb-18,869.32,"2,044,480,000"
25-Feb-18,844.81,"1,646,960,000"
24-Feb-18,840.52,"1,926,579,968"
23-Feb-18,864.19,"2,334,820,096"
22-Feb-18,812.84,"2,150,370,048"
21-Feb-18,849.97,"2,531,729,920"
20-Feb-18,895.37,"2,545,260,032"
19-Feb-18,943.86,"2,169,019,904"
18-Feb-18,923.92,"2,567,290,112"
17-Feb-18,974.11,"2,525,720,064"
16-Feb-18,944.21,"2,369,449,984"
15-Feb-18,936.98,"2,900,100,096"
14-Feb-18,923.56,"2,818,370,048"
13-Feb-18,845.26,"2,081,170,048"
12-Feb-18,868.71,"2,243,450,112"
11-Feb-18,814.66,"2,486,650,112"
10-Feb-18,860.41,"2,930,530,048"
9-Feb-18,883.86,"2,495,820,032"
8-Feb-18,817.81,"3,708,189,952"
7-Feb-18,757.07,"3,896,179,968"
6-Feb-18,793.12,"6,518,269,952"
5-Feb-18,697.95,"4,269,530,112"
4-Feb-18,834.68,"2,997,090,048"
3-Feb-18,964.02,"3,243,480,064"
2-Feb-18,915.78,"6,713,290,240"
1-Feb-18,"1,036.79","5,261,680,128"
31-Jan-18,"1,118.31","3,757,560,064"
30-Jan-18,"1,071.13","4,107,859,968"
29-Jan-18,"1,182.36","3,715,079,936"
28-Jan-18,"1,246.01","5,372,329,984"
27-Jan-18,"1,107.07","3,002,870,016"
26-Jan-18,"1,055.17","3,617,690,112"
25-Jan-18,"1,056.03","4,050,190,080"
24-Jan-18,"1,058.78","3,944,039,936"
23-Jan-18,986.23,"3,556,699,904"
22-Jan-18,"1,003.26","3,810,099,968"
21-Jan-18,"1,049.58","3,378,089,984"
20-Jan-18,"1,155.15","3,975,190,016"
19-Jan-18,"1,039.10","4,084,450,048"
18-Jan-18,"1,036.28","5,938,319,872"
17-Jan-18,"1,014.25","8,545,160,192"
16-Jan-18,"1,053.69","8,405,139,968"
15-Jan-18,"1,291.92","4,781,100,032"
14-Jan-18,"1,366.77","4,841,630,208"
13-Jan-18,"1,396.42","5,746,760,192"
12-Jan-18,"1,273.20","5,222,300,160"
11-Jan-18,"1,154.93","7,235,899,904"
10-Jan-18,"1,255.82","9,214,950,400"
9-Jan-18,"1,299.74","7,965,459,968"
8-Jan-18,"1,148.53","8,450,970,112"
7-Jan-18,"1,153.17","5,569,880,064"
6-Jan-18,"1,041.68","4,662,219,776"
5-Jan-18,997.72,"6,683,149,824"
4-Jan-18,980.92,"6,502,859,776"
3-Jan-18,962.72,"5,093,159,936"
2-Jan-18,884.44,"5,783,349,760"
1-Jan-18,772.64,"2,595,760,128"
31-Dec-17,756.73,"2,554,269,952"
30-Dec-17,717.26,"3,187,780,096"
29-Dec-17,753.59,"2,648,969,984"
28-Dec-17,737.02,"2,389,149,952"
27-Dec-17,762.84,"2,100,029,952"
26-Dec-17,773.84,"2,201,159,936"
25-Dec-17,765.83,"2,491,760,128"
24-Dec-17,694.15,"2,300,549,888"
23-Dec-17,719.39,"2,480,339,968"
22-Dec-17,674.86,"4,977,710,080"
21-Dec-17,821.06,"3,569,060,096"
20-Dec-17,819.09,"3,969,939,968"
19-Dec-17,826.82,"4,096,549,888"
18-Dec-17,794.65,"3,249,230,080"
17-Dec-17,719.97,"2,147,389,952"
16-Dec-17,696.21,"2,165,690,112"
15-Dec-17,684.45,"2,758,710,016"
14-Dec-17,695.82,"3,821,580,032"
13-Dec-17,702.77,"4,524,539,904"
12-Dec-17,651.43,"5,179,829,760"
11-Dec-17,515.14,"1,771,440,000"
10-Dec-17,441.72,"1,404,179,968"
9-Dec-17,473.5,"2,003,849,984"
8-Dec-17,456.03,"2,336,379,904"
7-Dec-17,434.41,"2,129,570,048"
6-Dec-17,428.59,"1,998,259,968"
5-Dec-17,463.28,"1,216,720,000"
4-Dec-17,470.2,"1,005,550,016"
3-Dec-17,465.85,"990,556,992"
2-Dec-17,463.45,"943,649,984"
1-Dec-17,466.54,"1,247,879,936"
30-Nov-17,447.11,"1,903,040,000"
29-Nov-17,427.52,"2,675,940,096"
28-Nov-17,472.9,"1,346,499,968"
27-Nov-17,480.36,"1,396,480,000"
26-Nov-17,471.33,"1,197,779,968"
25-Nov-17,466.28,"1,422,080,000"
24-Nov-17,474.91,"2,292,829,952"
23-Nov-17,410.17,"1,845,680,000"
22-Nov-17,380.65,"800,819,008"
21-Nov-17,360.4,"949,912,000"
20-Nov-17,366.73,"807,027,008"
19-Nov-17,354.39,"1,181,529,984"
18-Nov-17,347.61,"649,638,976"
17-Nov-17,332.39,"621,732,992"
16-Nov-17,330.92,"797,254,016"
15-Nov-17,333.36,"722,665,984"
14-Nov-17,337.63,"1,069,680,000"
13-Nov-17,316.72,"1,041,889,984"
12-Nov-17,307.91,"1,613,479,936"
11-Nov-17,314.68,"842,300,992"
10-Nov-17,299.25,"885,985,984"
9-Nov-17,320.88,"893,249,984"
8-Nov-17,309.07,"967,955,968"
7-Nov-17,294.66,"540,766,016"
6-Nov-17,298.89,"579,358,976"
5-Nov-17,296.26,"337,657,984"
4-Nov-17,300.47,"416,479,008"
3-Nov-17,305.71,"646,339,968"
2-Nov-17,287.43,"904,900,992"
1-Nov-17,291.69,"553,864,000"
31-Oct-17,305.88,"369,583,008"
30-Oct-17,307.75,"331,441,984"
29-Oct-17,305.09,"551,752,000"
28-Oct-17,296.3,"264,424,000"
27-Oct-17,297.42,"257,168,992"
26-Oct-17,296.53,"270,272,992"
25-Oct-17,297.92,"325,040,000"
24-Oct-17,298.33,"684,281,024"
23-Oct-17,286.95,"482,336,000"
22-Oct-17,295.45,"327,387,008"
21-Oct-17,300.19,"408,014,016"
20-Oct-17,304.01,"396,672,992"
19-Oct-17,308.09,"349,830,016"
18-Oct-17,314.32,"606,113,984"
17-Oct-17,317.08,"509,924,000"
16-Oct-17,333.38,"692,884,992"
15-Oct-17,336.6,"635,406,976"
14-Oct-17,339.63,"516,561,984"
13-Oct-17,338.76,"1,304,359,936"
12-Oct-17,304.14,"527,556,992"
11-Oct-17,303.46,"264,146,000"
10-Oct-17,299.87,"359,705,984"
9-Oct-17,297.39,"559,467,008"
8-Oct-17,308.61,"293,167,008"
7-Oct-17,311.12,"342,204,992"
6-Oct-17,308.59,"318,664,000"
5-Oct-17,295.86,"253,747,008"
4-Oct-17,292.66,"257,906,000"
3-Oct-17,292.46,"321,680,000"
2-Oct-17,297.48,"339,443,008"
1-Oct-17,302.34,"306,184,992"
30-Sep-17,301.46,"332,439,008"
29-Sep-17,291.47,"541,374,976"
28-Sep-17,299.15,"501,894,016"
27-Sep-17,306.47,"550,243,968"
26-Sep-17,287.44,"345,800,992"
25-Sep-17,292.33,"483,160,992"
24-Sep-17,282.48,"571,411,008"
23-Sep-17,286.17,"450,934,016"
22-Sep-17,264.31,"430,080,992"
21-Sep-17,258.58,"601,265,984"
20-Sep-17,283.74,"421,404,000"
19-Sep-17,282.8,"646,908,992"
18-Sep-17,293.5,"1,127,750,016"
17-Sep-17,251.75,"427,452,000"
16-Sep-17,246.52,"711,737,024"
15-Sep-17,250.46,"1,935,699,968"
14-Sep-17,213.91,"1,184,589,952"
13-Sep-17,277.11,"921,692,032"
12-Sep-17,291.46,"753,144,000"
11-Sep-17,294.53,"571,307,008"
10-Sep-17,288.75,"698,326,016"
9-Sep-17,294.4,"528,620,992"
8-Sep-17,296.5,"1,098,780,032"
7-Sep-17,329.43,"718,624,000"
6-Sep-17,334.34,"1,058,830,016"
5-Sep-17,312.99,"1,551,049,984"
4-Sep-17,295.17,"1,801,689,984"
3-Sep-17,347.48,"986,265,984"
2-Sep-17,348.98,"1,483,600,000"
1-Sep-17,387.74,"874,222,016"
31-Aug-17,383.04,"706,254,016"
30-Aug-17,378.48,"1,333,319,936"
29-Aug-17,370.67,"1,220,029,952"
28-Aug-17,347.75,"854,318,976"
27-Aug-17,347.89,"633,369,984"
26-Aug-17,333.88,"514,180,992"
25-Aug-17,331.92,"760,329,024"
24-Aug-17,325.61,"697,665,024"
23-Aug-17,317.52,"811,990,016"
22-Aug-17,314.79,"1,336,400,000"
21-Aug-17,321.59,"2,448,969,984"
20-Aug-17,301.43,"571,947,008"
19-Aug-17,297.47,"860,201,984"
18-Aug-17,295.59,"936,160,000"
17-Aug-17,301.46,"909,494,016"
16-Aug-17,302.27,"967,643,008"
15-Aug-17,289.82,"1,051,800,000"
14-Aug-17,300.1,"864,390,976"
13-Aug-17,298.06,"1,369,369,984"
12-Aug-17,310.6,"1,111,650,048"
11-Aug-17,308.86,"953,576,000"
10-Aug-17,295.89,"1,076,819,968"
9-Aug-17,296.03,"2,638,579,968"
8-Aug-17,296.77,"1,502,409,984"
7-Aug-17,269.18,"935,726,976"
6-Aug-17,261.57,"1,482,979,968"
5-Aug-17,256.51,"1,332,999,936"
4-Aug-17,223.07,"539,782,976"
3-Aug-17,225.34,"557,217,024"
2-Aug-17,219.95,"632,606,016"
1-Aug-17,226.77,"1,585,330,048"
31-Jul-17,203.87,"569,414,016"
30-Jul-17,197.98,"596,233,984"
29-Jul-17,205.79,"824,355,008"
28-Jul-17,193.12,"562,571,008"
27-Jul-17,204.32,"393,283,008"
26-Jul-17,203.95,"717,692,032"
25-Jul-17,206.71,"1,095,760,000"
24-Jul-17,224.71,"431,691,008"
23-Jul-17,225.95,"649,614,976"
22-Jul-17,229.48,"618,259,968"
21-Jul-17,218.3,"1,006,129,984"
20-Jul-17,227.26,"2,224,999,936"
19-Jul-17,199.7,"2,328,790,016"
18-Jul-17,234.39,"2,709,260,032"
17-Jul-17,193.42,"1,669,500,032"
16-Jul-17,157.36,"1,516,889,984"
15-Jul-17,170.65,"810,451,968"
14-Jul-17,199.66,"749,382,016"
13-Jul-17,209.73,"828,489,024"
12-Jul-17,230.77,"1,241,190,016"
11-Jul-17,197.4,"1,440,950,016"
10-Jul-17,215.36,"937,219,008"
9-Jul-17,242.14,"505,118,016"
8-Jul-17,251.7,"754,958,016"
7-Jul-17,245.99,"687,251,968"
6-Jul-17,270.55,"623,080,000"
5-Jul-17,268.77,"790,256,000"
4-Jul-17,273.3,"687,691,008"
3-Jul-17,282.9,"851,408,000"
2-Jul-17,287.99,"1,123,330,048"
1-Jul-17,274.6,"1,089,200,000"
30-Jun-17,294.92,"1,011,800,000"
29-Jun-17,302.88,"1,508,579,968"
28-Jun-17,327.93,"2,056,550,016"
27-Jun-17,293.09,"1,973,869,952"
26-Jun-17,272.69,"2,081,810,048"
25-Jun-17,303.25,"1,186,880,000"
24-Jun-17,323.7,"673,585,024"
23-Jun-17,341.74,"593,206,976"
22-Jun-17,336.37,"925,766,976"
21-Jun-17,336.87,"1,420,130,048"
20-Jun-17,359.01,"1,020,390,016"
19-Jun-17,370.06,"685,171,968"
18-Jun-17,371.46,"904,702,976"
17-Jun-17,379.41,"904,652,992"
16-Jun-17,370.23,"1,096,280,064"
15-Jun-17,361.93,"2,463,450,112"
14-Jun-17,359.05,"1,272,579,968"
13-Jun-17,397.54,"1,717,379,968"
12-Jun-17,401.49,"2,882,650,112"
11-Jun-17,340.61,"1,373,219,968"
10-Jun-17,337.67,"1,611,629,952"
9-Jun-17,281.74,"557,985,984"
8-Jun-17,261.67,"385,494,016"
7-Jun-17,258.07,"461,648,992"
6-Jun-17,264.47,"741,553,024"
5-Jun-17,248.46,"435,660,000"
4-Jun-17,245.33,"753,820,032"
3-Jun-17,224.38,"427,896,000"
2-Jun-17,223.77,"469,532,000"
1-Jun-17,222.24,"812,924,032"
31-May-17,230.67,"1,271,600,000"
30-May-17,231.91,"1,586,669,952"
29-May-17,194.91,"718,828,032"
28-May-17,170.51,"717,971,008"
27-May-17,157.76,"1,217,059,968"
26-May-17,160.4,"792,457,984"
25-May-17,174.45,"943,636,992"
24-May-17,190.05,"561,014,016"
23-May-17,181.95,"530,708,992"
22-May-17,174.26,"1,188,909,952"
21-May-17,157.94,"570,361,024"
20-May-17,126.52,"331,455,008"
19-May-17,129.53,"626,945,024"
18-May-17,96.91,"196,236,992"
17-May-17,89.86,"183,031,008"
16-May-17,89.44,"152,284,992"
15-May-17,92.41,"170,999,008"
14-May-17,90.79,"66,046,600"
13-May-17,90.84,"88,742,200"
12-May-17,88.66,"145,824,992"
11-May-17,89.88,"132,722,000"
10-May-17,89.52,"145,602,000"
9-May-17,91.16,"363,433,984"
8-May-17,91.42,"231,344,000"
7-May-17,94.01,"183,295,008"
6-May-17,97.81,"151,462,000"
5-May-17,94.4,"331,928,000"
4-May-17,96.98,"366,847,008"
3-May-17,79.72,"141,922,000"
2-May-17,77.26,"193,772,992"
1-May-17,76.3,"376,841,984"
30-Apr-17,79.02,"229,944,992"
29-Apr-17,68.38,"165,448,000"
28-Apr-17,70.16,"346,545,984"
27-Apr-17,62.17,"246,775,008"
26-Apr-17,52.72,"104,884,000"
25-Apr-17,49.89,"38,264,600"
24-Apr-17,50.03,"55,580,600"
23-Apr-17,48.49,"36,234,000"
22-Apr-17,48.55,"37,357,600"
21-Apr-17,48.22,"45,048,300"
20-Apr-17,49.67,"79,600,896"
19-Apr-17,48.31,"76,281,000"
18-Apr-17,50.71,"78,748,496"
17-Apr-17,48.3,"44,013,300"
16-Apr-17,48.72,"31,343,800"
15-Apr-17,49.1,"66,207,800"
14-Apr-17,47.57,"91,674,400"
13-Apr-17,50.22,"157,200,000"
12-Apr-17,46.29,"88,045,696"
11-Apr-17,43.41,"38,303,300"
10-Apr-17,43.44,"44,061,500"
9-Apr-17,43.27,"55,143,000"
8-Apr-17,44.31,"74,138,800"
7-Apr-17,42.16,"81,474,704"
6-Apr-17,43.24,"147,120,000"
5-Apr-17,45.3,"119,733,000"
4-Apr-17,44.64,"157,568,000"
3-Apr-17,44.36,"190,512,992"
2-Apr-17,48.75,"134,604,000"
1-Apr-17,50.7,"92,461,904"
31-Mar-17,50.04,"151,416,000"
30-Mar-17,52.21,"86,885,696"
29-Mar-17,53.13,"144,998,000"
28-Mar-17,50.77,"97,745,296"
27-Mar-17,49.67,"118,978,000"
26-Mar-17,50.52,"106,859,000"
25-Mar-17,51.25,"223,059,008"
24-Mar-17,53.11,"297,046,016"
23-Mar-17,43.68,"100,724,000"
22-Mar-17,42.34,"113,952,000"
21-Mar-17,43.15,"91,265,400"
20-Mar-17,43.39,"154,700,992"
19-Mar-17,44.74,"239,430,000"
18-Mar-17,34.16,"262,180,000"
17-Mar-17,46.83,"497,534,016"
16-Mar-17,46.35,"454,417,984"
15-Mar-17,35.06,"170,344,000"
14-Mar-17,28.65,"101,797,000"
13-Mar-17,28.59,"255,488,000"
12-Mar-17,23.44,"74,628,896"
11-Mar-17,21.47,"69,150,096"
10-Mar-17,19.33,"87,506,800"
9-Mar-17,17.75,"31,418,400"
8-Mar-17,16.65,"44,304,600"
7-Mar-17,18.89,"37,972,200"
6-Mar-17,19.61,"32,432,700"
5-Mar-17,19.3,"26,816,300"
4-Mar-17,18.62,"27,341,900"
3-Mar-17,19.46,"95,863,400"
2-Mar-17,19.03,"83,627,104"
1-Mar-17,17.35,"44,927,500"
28-Feb-17,15.82,"65,478,900"
27-Feb-17,15.4,"31,667,000"
26-Feb-17,14.52,"20,307,500"
25-Feb-17,13.55,"18,533,900"
24-Feb-17,13.07,"19,574,400"
23-Feb-17,13.12,"14,522,300"
22-Feb-17,12.6,"10,360,900"
21-Feb-17,12.67,"15,183,300"
20-Feb-17,12.43,"12,994,400"
19-Feb-17,12.76,"7,799,740"
18-Feb-17,12.81,"9,370,010"
17-Feb-17,12.68,"11,636,500"
16-Feb-17,12.9,"38,002,600"
15-Feb-17,12.92,"18,464,700"
14-Feb-17,13.03,"42,911,500"
13-Feb-17,11.27,"7,216,520"
12-Feb-17,11.4,"6,264,900"
11-Feb-17,11.35,"7,544,520"
10-Feb-17,11.28,"11,914,200"
9-Feb-17,11.03,"18,400,300"
8-Feb-17,11.43,"9,688,630"
7-Feb-17,11.52,"7,629,640"
6-Feb-17,11.39,"5,695,440"
5-Feb-17,11.35,"5,942,960"
4-Feb-17,11.43,"14,139,500"
3-Feb-17,11.11,"12,897,800"
2-Feb-17,10.82,"10,172,500"
1-Feb-17,10.73,"12,852,200"
31-Jan-17,10.73,"11,648,700"
30-Jan-17,10.57,"8,042,180"
29-Jan-17,10.48,"4,689,950"
28-Jan-17,10.56,"6,580,700"
27-Jan-17,10.54,"7,189,170"
26-Jan-17,10.59,"8,465,020"
25-Jan-17,10.57,"6,751,450"
24-Jan-17,10.63,"8,327,330"
23-Jan-17,10.82,"7,267,210"
22-Jan-17,10.7,"8,678,620"
21-Jan-17,10.91,"11,937,600"
20-Jan-17,10.6,"10,992,800"
19-Jan-17,10.4,"8,347,550"
18-Jan-17,10.23,"10,788,200"
17-Jan-17,10.3,"18,391,900"
16-Jan-17,9.64,"14,937,400"
15-Jan-17,9.9,"14,837,900"
14-Jan-17,9.65,"20,085,800"
13-Jan-17,9.77,"25,066,600"
12-Jan-17,9.86,"30,453,800"
11-Jan-17,9.72,"26,823,500"
10-Jan-17,10.55,"10,879,700"
9-Jan-17,10.33,"25,718,300"
8-Jan-17,10.29,"16,676,600"
7-Jan-17,9.87,"23,153,600"
6-Jan-17,10.25,"29,471,800"
5-Jan-17,10.25,"41,557,400"
4-Jan-17,11.25,"41,051,200"
3-Jan-17,9.73,"33,625,200"
2-Jan-17,8.38,"14,579,600"
1-Jan-17,8.17,"14,731,700"
31-Dec-16,7.97,"9,066,800"
30-Dec-16,8.16,"13,909,900"
29-Dec-16,8.28,"27,543,800"
28-Dec-16,7.52,"17,453,300"
27-Dec-16,7.17,"8,778,610"
26-Dec-16,7.27,"5,836,810"
25-Dec-16,7.18,"8,671,840"
24-Dec-16,7.27,"7,626,020"
23-Dec-16,7.17,"19,613,100"
22-Dec-16,7.59,"16,376,700"
21-Dec-16,7.91,"9,393,550"
20-Dec-16,7.66,"6,313,550"
19-Dec-16,7.64,"5,894,760"
18-Dec-16,7.87,"5,890,020"
17-Dec-16,7.88,"8,502,620"
16-Dec-16,7.86,"5,178,610"
15-Dec-16,7.83,"13,184,400"
14-Dec-16,8.27,"7,337,220"
13-Dec-16,8.42,"4,486,190"
12-Dec-16,8.52,"9,119,700"
11-Dec-16,8.19,"5,545,500"
10-Dec-16,8.13,"8,108,370"
9-Dec-16,8.45,"12,916,300"
8-Dec-16,8.23,"16,042,700"
7-Dec-16,8.38,"22,229,600"
6-Dec-16,7.87,"50,671,200"
5-Dec-16,6.82,"17,344,500"
4-Dec-16,7.44,"8,450,790"
3-Dec-16,7.92,"12,112,100"
2-Dec-16,7.76,"18,579,800"
1-Dec-16,8.45,"5,882,340"
30-Nov-16,8.59,"10,626,600"
29-Nov-16,8.17,"17,000,400"
28-Nov-16,8.72,"6,046,890"
27-Nov-16,9,"8,707,660"
26-Nov-16,9.33,"3,505,990"
25-Nov-16,9.4,"7,669,720"
24-Nov-16,9.23,"15,987,800"
23-Nov-16,9.84,"4,812,310"
22-Nov-16,9.91,"11,284,400"
21-Nov-16,9.62,"3,663,210"
20-Nov-16,9.58,"5,173,420"
19-Nov-16,9.66,"5,186,540"
18-Nov-16,9.48,"10,816,100"
17-Nov-16,9.99,"6,984,700"
16-Nov-16,10.06,"9,533,550"
15-Nov-16,10.22,"6,557,550"
14-Nov-16,9.97,"3,573,250"
13-Nov-16,10.1,"8,227,770"
12-Nov-16,9.88,"10,052,500"
11-Nov-16,10.29,"6,056,300"
10-Nov-16,10.52,"4,253,980"
9-Nov-16,10.66,"14,606,600"
8-Nov-16,10.83,"6,258,150"
7-Nov-16,10.81,"5,992,480"
6-Nov-16,10.87,"5,688,710"
5-Nov-16,11,"5,502,670"
4-Nov-16,11.09,"9,958,040"
3-Nov-16,10.8,"15,228,600"
2-Nov-16,10.75,"11,691,700"
1-Nov-16,10.77,"22,901,300"
31-Oct-16,11,"13,393,900"
30-Oct-16,11.18,"16,694,900"
29-Oct-16,10.44,"27,070,400"
28-Oct-16,11.09,"13,971,500"
27-Oct-16,11.5,"13,255,400"
26-Oct-16,11.53,"10,221,800"
25-Oct-16,11.41,"19,316,000"
24-Oct-16,11.97,"5,739,690"
23-Oct-16,12.04,"5,774,660"
22-Oct-16,12.07,"7,583,820"
21-Oct-16,12.18,"5,676,920"
20-Oct-16,12.1,"8,170,760"
19-Oct-16,12.02,"10,576,200"
18-Oct-16,12.59,"18,864,200"
17-Oct-16,12.01,"5,724,440"
16-Oct-16,11.95,"3,617,280"
15-Oct-16,11.98,"4,991,840"
14-Oct-16,11.94,"4,333,510"
13-Oct-16,11.96,"8,665,190"
12-Oct-16,11.93,"9,694,640"
11-Oct-16,11.79,"11,727,700"
10-Oct-16,11.76,"10,809,200"
9-Oct-16,12.05,"7,208,480"
8-Oct-16,12.22,"11,611,200"
7-Oct-16,12.67,"8,933,050"
6-Oct-16,12.85,"12,044,800"
5-Oct-16,13.04,"9,881,370"
4-Oct-16,13.28,"8,348,280"
3-Oct-16,13.45,"7,458,320"
2-Oct-16,13.2,"4,079,660"
1-Oct-16,13.17,"6,331,160"
30-Sep-16,13.22,"5,950,840"
29-Sep-16,13.07,"5,990,630"
28-Sep-16,13.27,"10,239,000"
27-Sep-16,13.1,"6,831,070"
26-Sep-16,12.82,"7,213,070"
25-Sep-16,13.1,"5,283,440"
24-Sep-16,12.88,"9,824,880"
23-Sep-16,13.33,"9,166,430"
22-Sep-16,13.25,"27,382,800"
21-Sep-16,13.77,"28,645,000"
20-Sep-16,14.43,"31,929,100"
19-Sep-16,13.19,"13,838,800"
18-Sep-16,12.43,"22,433,300"
17-Sep-16,12.7,"7,446,610"
16-Sep-16,12.56,"17,421,500"
15-Sep-16,11.94,"7,309,090"
14-Sep-16,11.92,"5,694,820"
13-Sep-16,11.92,"11,704,300"
12-Sep-16,11.89,"7,478,080"
11-Sep-16,11.64,"8,791,180"
10-Sep-16,12.17,"7,220,300"
9-Sep-16,11.65,"6,109,200"
8-Sep-16,11.35,"11,535,000"
7-Sep-16,11.55,"6,115,050"
6-Sep-16,11.69,"6,346,330"
5-Sep-16,11.72,"5,724,100"
4-Sep-16,11.68,"7,220,550"
3-Sep-16,11.76,"13,358,800"
2-Sep-16,12.11,"9,368,300"
1-Sep-16,11.99,"24,051,500"
31-Aug-16,11.67,"11,073,700"
30-Aug-16,11.23,"7,221,260"
29-Aug-16,10.98,"8,130,540"
28-Aug-16,10.93,"5,303,040"
27-Aug-16,11.15,"15,108,400"
26-Aug-16,11.3,"5,857,850"
25-Aug-16,11.36,"8,552,380"
24-Aug-16,11.04,"4,423,420"
23-Aug-16,11.03,"6,489,380"
22-Aug-16,11.12,"6,588,920"
21-Aug-16,11.18,"4,355,660"
20-Aug-16,11.25,"7,443,540"
19-Aug-16,10.75,"5,390,850"
18-Aug-16,10.76,"6,935,800"
17-Aug-16,10.75,"8,833,760"
16-Aug-16,11.14,"7,051,510"
15-Aug-16,11.22,"7,500,840"
14-Aug-16,11.19,"8,680,160"
13-Aug-16,11.57,"7,539,490"
12-Aug-16,11.78,"13,690,100"
11-Aug-16,11.69,"17,505,000"
10-Aug-16,12.14,"28,096,300"
9-Aug-16,12.24,"36,656,600"
8-Aug-16,11.25,"14,956,700"
7-Aug-16,10.91,"16,551,000"
6-Aug-16,10.88,"16,712,600"
5-Aug-16,10.93,"15,487,900"
4-Aug-16,11.04,"38,151,400"
3-Aug-16,10.29,"53,979,400"
2-Aug-16,8.79,"88,803,296"
1-Aug-16,10.94,"23,999,500"
31-Jul-16,11.88,"25,441,400"
30-Jul-16,12.46,"9,047,810"
29-Jul-16,12.79,"14,082,300"
28-Jul-16,12.84,"24,603,900"
27-Jul-16,12.97,"58,278,800"
26-Jul-16,11.99,"94,428,800"
25-Jul-16,13.84,"36,673,800"
24-Jul-16,12.75,"77,750,800"
23-Jul-16,14.3,"32,489,700"
22-Jul-16,14.66,"74,779,504"
21-Jul-16,12.65,"24,636,900"
20-Jul-16,12.45,"60,226,100"
19-Jul-16,11.62,"21,730,000"
18-Jul-16,11.03,"15,931,900"
17-Jul-16,11.16,"17,921,600"
16-Jul-16,11.65,"10,445,700"
15-Jul-16,11.95,"26,838,900"
14-Jul-16,11.51,"23,621,900"
13-Jul-16,10.5,"6,715,660"
12-Jul-16,10.52,"11,127,700"
11-Jul-16,10.46,"13,098,000"
10-Jul-16,10.95,"5,479,240"
9-Jul-16,10.97,"17,254,800"
8-Jul-16,11.39,"20,039,800"
7-Jul-16,10.11,"15,407,200"
6-Jul-16,10.53,"18,137,300"
5-Jul-16,10.61,"45,526,900"
4-Jul-16,11.47,"12,943,500"
3-Jul-16,11.72,"10,588,700"
2-Jul-16,12.13,"8,987,070"
1-Jul-16,12.2,"17,236,500"
30-Jun-16,12.46,"15,801,300"
29-Jun-16,12.61,"26,982,800"
28-Jun-16,12.18,"43,436,600"
27-Jun-16,13.88,"10,994,700"
26-Jun-16,13.85,"14,747,600"
25-Jun-16,14.28,"15,383,100"
24-Jun-16,14.33,"33,332,900"
23-Jun-16,13.68,"30,806,400"
22-Jun-16,13.1,"96,994,096"
21-Jun-16,13.31,"69,245,600"
20-Jun-16,11.84,"58,143,600"
19-Jun-16,12.23,"69,783,600"
18-Jun-16,11.33,"133,937,000"
17-Jun-16,15.38,"199,408,000"
16-Jun-16,20.59,"38,531,000"
15-Jun-16,18.35,"19,393,400"
14-Jun-16,18.89,"64,412,200"
13-Jun-16,17.6,"38,023,400"
12-Jun-16,15.74,"38,210,300"
11-Jun-16,14.19,"12,176,500"
10-Jun-16,13.91,"11,312,900"
9-Jun-16,14.4,"8,256,830"
8-Jun-16,14.42,"16,941,800"
7-Jun-16,14.51,"21,421,600"
6-Jun-16,13.93,"8,720,400"
5-Jun-16,13.98,"11,088,400"
4-Jun-16,13.74,"15,792,400"
3-Jun-16,13.85,"22,981,500"
2-Jun-16,13.74,"10,477,200"
1-Jun-16,14,"22,471,300"
31-May-16,14.08,"42,433,400"
30-May-16,12.73,"14,733,800"
29-May-16,12.35,"28,598,400"
28-May-16,11.89,"47,274,800"
27-May-16,11.3,"57,496,400"
26-May-16,12.43,"20,764,000"
25-May-16,12.53,"27,444,700"
24-May-16,12.73,"41,560,600"
23-May-16,13.46,"23,842,800"
22-May-16,14.29,"17,938,900"
21-May-16,14.02,"24,648,400"
20-May-16,13.64,"50,544,100"
19-May-16,14.77,"53,757,500"
18-May-16,13.56,"65,389,900"
17-May-16,12.2,"37,198,700"
16-May-16,11.17,"29,079,900"
15-May-16,9.96,"9,218,400"
14-May-16,10.24,"18,808,000"
13-May-16,10.51,"31,276,900"
12-May-16,10.06,"24,137,700"
11-May-16,10,"15,267,500"
10-May-16,9.36,"9,321,790"
9-May-16,9.3,"13,085,300"
8-May-16,9.48,"15,031,000"
7-May-16,9.37,"10,806,500"
6-May-16,9.35,"21,510,600"
5-May-16,9.83,"18,296,200"
4-May-16,9.41,"17,622,400"
3-May-16,9.31,"21,463,900"
2-May-16,10.16,"41,019,200"
1-May-16,8.85,"16,713,800"
30-Apr-16,8.81,"36,573,300"
29-Apr-16,7.46,"8,762,080"
28-Apr-16,7.17,"11,576,000"
27-Apr-16,7.76,"19,254,500"
26-Apr-16,7.4,"17,667,300"
25-Apr-16,7.55,"18,239,900"
24-Apr-16,8,"10,786,400"
23-Apr-16,8.29,"14,565,200"
22-Apr-16,7.82,"13,309,300"
21-Apr-16,8.1,"13,355,400"
20-Apr-16,8.47,"15,634,700"
19-Apr-16,8.71,"12,899,100"
18-Apr-16,9.04,"21,084,100"
17-Apr-16,9.31,"24,619,600"
16-Apr-16,8.61,"9,888,460"
15-Apr-16,8.24,"12,179,000"
14-Apr-16,8.39,"13,590,700"
13-Apr-16,8.04,"31,403,300"
12-Apr-16,7.44,"23,190,100"
11-Apr-16,8.64,"15,138,100"
10-Apr-16,8.94,"42,613,400"
9-Apr-16,9.15,"16,194,800"
8-Apr-16,9.72,"14,660,600"
7-Apr-16,10.07,"13,464,500"
6-Apr-16,10.69,"16,997,100"
5-Apr-16,10.44,"20,557,300"
4-Apr-16,11.16,"9,599,070"
3-Apr-16,11.62,"5,580,550"
2-Apr-16,11.6,"8,682,620"
1-Apr-16,11.66,"11,373,100"
31-Mar-16,11.4,"14,966,700"
30-Mar-16,11.95,"19,351,200"
29-Mar-16,11.66,"17,684,200"
28-Mar-16,11.67,"23,188,300"
27-Mar-16,10.42,"16,744,800"
26-Mar-16,10.97,"9,425,480"
25-Mar-16,10.74,"13,782,000"
24-Mar-16,11.23,"26,081,800"
23-Mar-16,12.42,"19,353,200"
22-Mar-16,11.27,"19,730,300"
21-Mar-16,11.86,"28,572,600"
20-Mar-16,10.32,"17,651,100"
19-Mar-16,10.53,"26,735,700"
18-Mar-16,11,"53,956,800"
17-Mar-16,11.08,"41,650,600"
16-Mar-16,12.52,"24,335,500"
15-Mar-16,13.01,"28,404,500"
14-Mar-16,12.45,"58,385,100"
13-Mar-16,14.48,"43,915,100"
12-Mar-16,13.53,"48,957,300"
11-Mar-16,11.08,"21,002,700"
10-Mar-16,11.31,"26,851,500"
9-Mar-16,11.9,"27,540,500"
8-Mar-16,9.85,"25,524,300"
7-Mar-16,9.55,"34,085,100"
6-Mar-16,11.38,"39,112,000"
5-Mar-16,11,"56,439,600"
4-Mar-16,10.41,"35,520,100"
3-Mar-16,9.29,"40,314,900"
2-Mar-16,8.47,"29,130,200"
1-Mar-16,7.65,"23,098,100"
29-Feb-16,6.34,"7,648,020"
28-Feb-16,6.47,"9,851,660"
27-Feb-16,6.43,"8,903,210"
26-Feb-16,5.92,"9,526,860"
25-Feb-16,6.1,"21,471,800"
24-Feb-16,6.24,"11,426,500"
23-Feb-16,5.59,"13,380,600"
22-Feb-16,5.62,"15,056,200"
21-Feb-16,4.65,"6,413,550"
20-Feb-16,4.34,"8,631,090"
19-Feb-16,4.74,"7,666,320"
18-Feb-16,4.4,"17,054,000"
17-Feb-16,3.76,"15,451,000"
16-Feb-16,4.32,"15,889,100"
15-Feb-16,5.29,"13,934,200"
14-Feb-16,5.24,"11,226,500"
13-Feb-16,5.39,"24,218,800"
12-Feb-16,5.55,"23,360,800"
11-Feb-16,6.01,"26,408,200"
10-Feb-16,4.44,"28,640,400"
9-Feb-16,4.04,"17,954,000"
8-Feb-16,3.18,"9,725,690"
7-Feb-16,2.96,"7,007,060"
6-Feb-16,2.53,"1,921,240"
5-Feb-16,2.54,"2,636,700"
4-Feb-16,2.58,"3,552,320"
3-Feb-16,2.53,"3,987,750"
2-Feb-16,2.44,"3,451,270"
1-Feb-16,2.21,"3,994,100"
31-Jan-16,2.31,"5,847,500"
30-Jan-16,2.45,"3,725,080"
29-Jan-16,2.49,"6,662,340"
28-Jan-16,2.53,"4,903,850"
27-Jan-16,2.39,"6,961,080"
26-Jan-16,2.28,"13,939,200"
25-Jan-16,2.5,"10,739,300"
24-Jan-16,2.14,"9,669,770"
23-Jan-16,1.97,"7,370,980"
22-Jan-16,1.5,"1,567,240"
21-Jan-16,1.55,"1,614,960"
20-Jan-16,1.53,"2,933,220"
19-Jan-16,1.37,"2,446,740"
18-Jan-16,1.43,"4,278,930"
17-Jan-16,1.33,"1,171,150"
16-Jan-16,1.22,"2,462,630"
15-Jan-16,1.21,"3,910,550"
14-Jan-16,1.19,"751,961"
13-Jan-16,1.13,"1,005,910"
12-Jan-16,1.14,"2,898,760"
11-Jan-16,1.06,"1,011,920"
10-Jan-16,0.999231,"390,888"
9-Jan-16,0.986833,"226,281"
8-Jan-16,0.986789,"545,600"
7-Jan-16,0.942005,"647,462"
6-Jan-16,0.95086,"308,791"
5-Jan-16,0.950176,"219,833"
4-Jan-16,0.95448,"346,245"
3-Jan-16,0.971905,"407,632"
2-Jan-16,0.937124,"255,504"
1-Jan-16,0.948024,"206,062"
31-Dec-15,0.933542,"663,994"
30-Dec-15,0.911958,"604,078"
29-Dec-15,0.873054,"215,742"
28-Dec-15,0.845005,"235,134"
27-Dec-15,0.856365,"164,565"
26-Dec-15,0.854603,"425,282"
25-Dec-15,0.870363,"187,114"
24-Dec-15,0.863262,"354,646"
23-Dec-15,0.858077,"334,993"
22-Dec-15,0.864202,"454,249"
21-Dec-15,0.900771,"549,113"
20-Dec-15,0.903885,"472,164"
19-Dec-15,0.908072,"343,535"
18-Dec-15,0.920127,"300,787"
17-Dec-15,0.940701,"640,765"
16-Dec-15,0.991182,"320,767"
15-Dec-15,1.01,"578,618"
14-Dec-15,0.993022,"563,436"
13-Dec-15,0.952884,"273,614"
12-Dec-15,0.976973,"1,376,280"
11-Dec-15,0.929762,"801,072"
10-Dec-15,0.840396,"369,589"
9-Dec-15,0.792167,"624,221"
8-Dec-15,0.822118,"445,903"
7-Dec-15,0.811264,"520,409"
6-Dec-15,0.8355,"443,608"
5-Dec-15,0.862438,"232,743"
4-Dec-15,0.840041,"241,278"
3-Dec-15,0.812143,"539,969"
2-Dec-15,0.82121,"506,307"
1-Dec-15,0.8748,"652,857"
30-Nov-15,0.873119,"784,439"
29-Nov-15,0.878614,"448,358"
28-Nov-15,0.915703,"462,464"
27-Nov-15,0.867951,"403,813"
26-Nov-15,0.884183,"947,473"
25-Nov-15,0.863537,"622,991"
24-Nov-15,0.900191,"524,195"
23-Nov-15,0.946969,"441,875"
22-Nov-15,0.968018,"372,173"
21-Nov-15,0.97614,"455,976"
20-Nov-15,0.92492,"614,335"
19-Nov-15,0.955532,"443,528"
18-Nov-15,0.993319,"681,104"
17-Nov-15,1.01,"1,145,440"
16-Nov-15,0.928962,"620,945"
15-Nov-15,0.906368,"411,848"
14-Nov-15,0.888812,"372,514"
13-Nov-15,0.904096,"543,671"
12-Nov-15,0.895711,"806,156"
11-Nov-15,0.791829,"1,278,580"
10-Nov-15,0.934348,"854,581"
9-Nov-15,0.999278,"2,045,290"
8-Nov-15,1.03,"1,021,460"
7-Nov-15,0.927974,"890,187"
6-Nov-15,0.926032,"913,666"
5-Nov-15,0.895637,"1,179,840"
4-Nov-15,0.89905,"3,060,340"
3-Nov-15,1.01,"1,907,690"
2-Nov-15,0.989789,"1,145,200"
1-Nov-15,1.06,"588,913"
31-Oct-15,0.916627,"673,892"
30-Oct-15,1.04,"2,429,200"
29-Oct-15,1.21,"2,279,240"
28-Oct-15,1,"2,373,050"
27-Oct-15,0.869641,"1,846,370"
26-Oct-15,0.731317,"1,089,120"
25-Oct-15,0.616039,"635,384"
24-Oct-15,0.56359,"258,356"
23-Oct-15,0.539657,"878,822"
22-Oct-15,0.567702,"924,822"
21-Oct-15,0.447329,"609,085"
20-Oct-15,0.434829,"383,921"
19-Oct-15,0.489014,"243,742"
18-Oct-15,0.517734,"133,690"
17-Oct-15,0.547178,"313,860"
16-Oct-15,0.536495,"249,891"
15-Oct-15,0.561878,"371,022"
14-Oct-15,0.522968,"971,664"
13-Oct-15,0.607655,"303,044"
12-Oct-15,0.62603,"109,567"
11-Oct-15,0.634963,"102,128"
10-Oct-15,0.627857,"141,555"
9-Oct-15,0.650628,"386,420"
8-Oct-15,0.621716,"310,266"
7-Oct-15,0.609388,"218,327"
6-Oct-15,0.650645,"262,674"
5-Oct-15,0.628643,"234,263"
4-Oct-15,0.668379,"103,497"
3-Oct-15,0.687171,"163,326"
2-Oct-15,0.678574,"219,318"
1-Oct-15,0.690215,"596,084"
30-Sep-15,0.738644,"619,926"
29-Sep-15,0.661146,"913,992"
28-Sep-15,0.582886,"1,320,890"
27-Sep-15,0.720839,"413,801"
26-Sep-15,0.785964,"369,620"
25-Sep-15,0.736223,"903,457"
24-Sep-15,0.81361,"842,505"
23-Sep-15,0.893406,"200,541"
22-Sep-15,0.901796,"487,914"
21-Sep-15,0.919047,"424,039"
20-Sep-15,0.938445,"508,314"
19-Sep-15,0.882391,"386,988"
18-Sep-15,0.853685,"484,622"
17-Sep-15,0.874231,"897,940"
16-Sep-15,0.907175,"615,593"
15-Sep-15,0.94441,"703,390"
14-Sep-15,0.875622,"741,085"
13-Sep-15,0.936003,"644,138"
12-Sep-15,1.04,"772,430"
11-Sep-15,0.982978,"1,942,600"
10-Sep-15,1.17,"662,782"
9-Sep-15,1.21,"366,748"
8-Sep-15,1.24,"427,892"
7-Sep-15,1.25,"489,014"
6-Sep-15,1.3,"491,968"
5-Sep-15,1.34,"448,453"
4-Sep-15,1.27,"474,391"
3-Sep-15,1.26,"702,991"
2-Sep-15,1.29,"883,769"
1-Sep-15,1.35,"778,862"
31-Aug-15,1.36,"1,447,180"
30-Aug-15,1.32,"1,337,650"
29-Aug-15,1.18,"375,377"
28-Aug-15,1.19,"721,872"
27-Aug-15,1.15,"686,662"
26-Aug-15,1.16,"1,056,750"
25-Aug-15,1.14,"1,307,180"
24-Aug-15,1.23,"924,920"
23-Aug-15,1.35,"1,589,300"
22-Aug-15,1.38,"948,310"
21-Aug-15,1.4,"2,020,970"
20-Aug-15,1.46,"2,843,760"
19-Aug-15,1.26,"1,486,240"
18-Aug-15,1.09,"1,485,680"
17-Aug-15,1.2,"1,942,830"
16-Aug-15,1.57,"3,550,790"
15-Aug-15,1.69,"2,554,360"
14-Aug-15,1.83,"4,637,030"
13-Aug-15,1.83,"4,068,680"
12-Aug-15,1.22,"2,150,620"
11-Aug-15,1.07,"1,463,100"
10-Aug-15,0.708448,"405,283"
9-Aug-15,0.701897,"532,170"
8-Aug-15,0.753325,"674,188"
7-Aug-15,2.77,"164,329"
